Ad ID,Description,Location,Postcode,Price,Rooms,Size (m²),State,District,Location Quality,Floor,Property Type,Published Date,Rent (€),Address
1125432129,Perfekt aufgeteilte 3 - Zimmer mit Balkon im 6.Liftstock bei der U-Bahn - Erstbezug nach Sanierung inkl. Küche - JETZT ANFRAGEN,"Wien, 08. Bezirk, Josefstadt",1080,1499.04,3,59,Wien,Wien,1.0,6,Wohnung,2025-05-03T18:55:00Z,1499.04,Breitenfelder Gasse 26
1717403847,"Attraktive, klimatisierte Dachgeschoss-Wohnung mit Terrasse in Top Lage","Wien, 02. Bezirk, Leopoldstadt",1020,1637.86,2,75,Wien,Wien,1.0,6,Wohnung,2025-05-03T18:44:00Z,1637.86,N/A
1562188413,4. ZIMMER! PROVISIONSFREI! Q TOWER! 30. STOCK! ERSTBEZUG! HELL! 57m² BALKON! BLICK AUF DEN STEPHANSDOM!,"Wien, 03. Bezirk, Landstraße",1030,3195,4,129,Wien,Wien,1.0,30,Wohnung,2025-05-03T18:40:00Z,3195.0,Leopold böhm straße 5
1857431756,| LEO 131 | 2 ZIMMER | NAHE THERESA-TAUSCHER-PARK | BALKON | AB MAI | NACHVERMIETUNG,"Wien, 21. Bezirk, Floridsdorf",1210,825.34,2,45,Wien,Wien,1.0,4,Wohnung,2025-05-03T18:34:00Z,825.34,Leopoldauer Straße
1592909035,VIENNA MOMENTS! Wiener Charme in Bestlage * Exklusives Wohnen im Herzen Wiens * Helle 3-Zimmer Wohnung mit 2 Schlafzimmern!,"Wien, 01. Bezirk, Innere Stadt",1010,1780.49,3,88,Wien,Wien,1.0,5,Wohnung,2025-05-03T18:24:00Z,1780.49,N/A
1276025206,| 2 ZIMMER | GARTENWOHNUNG | NEUBAU | AB APRIL | MODERNE AUSSTATTUNG | WESTSEITIG,"Wien, 22. Bezirk, Donaustadt",1220,877.74,2,49,Wien,Wien,1.0,0,Wohnung,2025-05-03T18:24:00Z,877.74,Rosthorngasse
2061651159,Nette zentral begehbare 2-Zimmer-Wohnung Nähe Türkenschanzpark mit neuer Küche!,"Wien, 18. Bezirk, Währing",1180,1007.93,2,49,Wien,Wien,1.0,2,Wohnung,2025-05-03T18:05:00Z,1007.93,Gregor-Mendel-Straße 12-14
1994702618,| 2 ZIMMER | 1. STOCK | BALKON | NEUBAU | RICHTUNG OSTEN | BEZIEHBAR AB MAI,"Wien, 22. Bezirk, Donaustadt",1220,871.77,2,49,Wien,Wien,1.0,1,Wohnung,2025-05-03T18:05:00Z,871.77,Rosthorngasse
1904600569,| 2 ZIMMER | AB MAI | 2. DACHGESCHOSS | NEUBAU | DURCHDACHTER GRUNDRISS | AUSRICHTUNG OSTEN,"Wien, 22. Bezirk, Donaustadt",1220,901.08,2,54,Wien,Wien,1.0,N/A,Wohnung,2025-05-03T18:05:00Z,901.08,Rosthorngasse
1703768581,1 Monat Mietzinsfrei: Erstbezug im Grünen Nahe der U2 - zwischen Badeteich Hirschstetten & Seestadt,"Wien, 22. Bezirk, Donaustadt",1220,1499,3,73,Wien,Wien,1.0,N/A,Wohnung,2025-05-03T18:05:00Z,1499.0,Podhagskygasse 12
1551379725,Einzigartige 3 Zimmer mit 26 m2 Terrasse und City-Blick im 6.Liftstock,"Wien, 02. Bezirk, Leopoldstadt",1020,1349.7,3,76,Wien,Wien,1.0,6,Wohnung,2025-05-03T17:54:00Z,1349.7,N/A
1929420032,WUNDERSCHÖNE 35 m² WOHNUNG NACH KOMPLETTSANIERUNG - RUHIGE LAGE IM 14. WIENER GEMEINDEBEZIRK,"Wien, 14. Bezirk, Penzing",1140,825,1,35,Wien,Wien,1.0,N/A,Wohnung,2025-05-03T17:37:00Z,825.0,Mitisgasse
1257613472,LOGGIA - ERSTBEZUG IN GRÜNRUHELAGE,"Wien, 19. Bezirk, Döbling",1190,2190.37,4,121,Wien,Wien,N/A,1,Wohnung,2025-05-03T17:28:00Z,2190.37,N/A
1466951068,Gemeinde Wohnung,"Wien, 14. Bezirk, Penzing",1140,854.75,4,89,Wien,Wien,0.9,2,Wohnung,2025-05-03T17:22:00Z,854.75,Penzinger Straße
873565465,1 Monat Mietzinsfrei: Erstbezug im Grünen Nahe der U2 - zwischen Badeteich Hirschstetten & Seestadt,"Wien, 22. Bezirk, Donaustadt",1220,899,2,46,Wien,Wien,1.0,1,Wohnung,2025-05-03T17:19:00Z,899.0,Podhagskygasse 12
798465607,Tolle Wohnung in der Nähe vom Reumannplatz ab sofort zu vermieten,"Wien, 10. Bezirk, Favoriten",1100,1200,3,73,Wien,Wien,1.0,6,Wohnung,2025-05-03T17:09:00Z,1200.0,Ettenreichgasse
1008468292,"Mühlwassernahe, Blick ins Grüne, ruhig & sonnig, 20 Min. ins Zentrum","Wien, 22. Bezirk, Donaustadt",1220,1250,2,61,Wien,Wien,1.0,1,Wohnung,2025-05-03T17:05:00Z,1250.0,Mühlgrundgasse 3
1948041657,Traumhafte Gartenwohnung mit zwei Zimmern und hochwertiger Ausstattung,"Wien, 20. Bezirk, Brigittenau",1200,1099,2,65,Wien,Wien,1.0,1,Wohnung,2025-05-03T16:54:00Z,1099.0,N/A
1939681526,"Wohnung mit großer Loggia Richtung Loquaipark, Nähe Mariahilfer Straße","Wien, 06. Bezirk, Mariahilf",1060,1290,3,91,Wien,Wien,1.0,4,Wohnung,2025-05-03T16:45:00Z,1290.0,Hirschengasse 10
774575138,Jetzt unbefristet mieten & später zum Fixpreis kaufen - nahe U2 & Badeteich Hirschstetten,"Wien, 22. Bezirk, Donaustadt",1220,1125.57,2,62,Wien,Wien,1.0,0,Wohnung,2025-05-03T16:45:00Z,1125.57,Anni-Haider-Weg 3
1802307740,"ruhige Neubau-2-Zimmer-Balkonwohnung, offene Küche","Wien, 20. Bezirk, Brigittenau",1200,950,2,53,Wien,Wien,1.0,3,Wohnung,2025-05-03T16:34:00Z,950.0,N/A
834389478,"Hochwertige, voll ausgestattete 3-Zimmer -Wohnung in Toplage im 9. Bezirk (Alsergrund), Wien","Wien, 09. Bezirk, Alsergrund",1090,1861.62,3,83,Wien,Wien,N/A,1,Wohnung,2025-05-03T16:28:00Z,1861.62,N/A
1227914343,"2er WG geeignet- 2 ZIMMER + Wohnküche - NÄHE SPITZ, U6 UND WASSERPARK","Wien, 21. Bezirk, Floridsdorf",1210,1000.8,2,79,Wien,Wien,1.0,2,Wohnung,2025-05-03T16:15:00Z,1000.8,Prager Straße
1304056316,"| NAHE TABORSTRASSE | 4,5 ZIMMER | AB SOFORT VERFÜGBAR | 4. LIFTSTOCK | LICHTDURCHFLUTET | NEUE EINBAUKÜCHE","Wien, 02. Bezirk, Leopoldstadt",1020,3603.18,4,N/A,Wien,Wien,1.0,4,Wohnung,2025-05-03T16:14:00Z,3603.18,Rotensterngasse
1023921002,Charmante Hauptmietwohnung Radetzkygasse / Nähe Urania,"Wien, 03. Bezirk, Landstraße",1030,1379.09,3,86,Wien,Wien,0.7,1,Wohnung,2025-05-03T15:50:00Z,1379.09,Radetzkygasse
1640586359,1 Monat Mietzinsfrei: Erstbezug im Grünen Nahe der U2 - zwischen Badeteich Hirschstetten & Seestadt,"Wien, 22. Bezirk, Donaustadt",1220,899,2,45,Wien,Wien,1.0,2,Wohnung,2025-05-03T15:44:00Z,899.0,Podhagskygasse 12
1430973538,"1120 Wien, provisionsfrei, ablösefrei 2 Zimmerwohnung","Wien, 12. Bezirk, Meidling",1120,935,2,55,Wien,Wien,1.0,EG,Wohnung,2025-05-03T15:40:00Z,935.0,Albrechtsbergergasse
1516399608,1 Monat Mietzinsfrei: Erstbezug im Grünen Nahe der U2 - zwischen Badeteich Hirschstetten & Seestadt,"Wien, 22. Bezirk, Donaustadt",1220,1099,2,52,Wien,Wien,1.0,N/A,Wohnung,2025-05-03T15:40:00Z,1099.0,Podhagskygasse 12
833634870,Helle zwei Zimmer Wohnung in 1170 in absoluter Ruhelage,"Wien, 17. Bezirk, Hernals",1170,849,2,47,Wien,Wien,1.0,4,Wohnung,2025-05-03T15:38:00Z,849.0,Geblergasse
1446400809,1 Monat Mietzinsfrei: Erstbezug im Grünen Nahe der U2 - zwischen Badeteich Hirschstetten & Seestadt,"Wien, 22. Bezirk, Donaustadt",1220,899,2,40,Wien,Wien,1.0,N/A,Wohnung,2025-05-03T15:38:00Z,899.0,Podhagskygasse 12
1873288807,1 Monat Mietzinsfrei: Erstbezug im Grünen Nahe der U2 - zwischen Badeteich Hirschstetten & Seestadt,"Wien, 22. Bezirk, Donaustadt",1220,899,2,40,Wien,Wien,1.0,N/A,Wohnung,2025-05-03T15:36:00Z,899.0,Podhagskygasse 12
1110979779,1 Monat Mietzinsfrei: Erstbezug im Grünen Nahe der U2 - zwischen Badeteich Hirschstetten & Seestadt,"Wien, 22. Bezirk, Donaustadt",1220,899,2,40,Wien,Wien,1.0,N/A,Wohnung,2025-05-03T15:32:00Z,899.0,Podhagskygasse 12
992667279,2 Zimmer Wohnung,"Wien, 12. Bezirk, Meidling",1120,670,2,37,Wien,Wien,1.0,2,Wohnung,2025-05-03T15:26:00Z,670.0,Premlechnergasse
1411303258,1 Monat Mietzinsfrei: Erstbezug im Grünen Nahe der U2 - zwischen Badeteich Hirschstetten & Seestadt,"Wien, 22. Bezirk, Donaustadt",1220,899,2,45,Wien,Wien,1.0,1,Wohnung,2025-05-03T15:22:00Z,899.0,Podhagskygasse 12
1083968128,1 Monat Mietzinsfrei: Erstbezug im Grünen Nahe der U2 - zwischen Badeteich Hirschstetten & Seestadt,"Wien, 22. Bezirk, Donaustadt",1220,899,2,45,Wien,Wien,1.0,1,Wohnung,2025-05-03T15:17:00Z,899.0,Podhagskygasse 12
1970730165,1 Monat Mietzinsfrei: Erstbezug im Grünen Nahe der U2 - zwischen Badeteich Hirschstetten & Seestadt,"Wien, 22. Bezirk, Donaustadt",1220,899,2,45,Wien,Wien,1.0,1,Wohnung,2025-05-03T15:15:00Z,899.0,Podhagskygasse 12
1941641941,1 Monat Mietzinsfrei: Erstbezug im Grünen Nahe der U2 - zwischen Badeteich Hirschstetten & Seestadt,"Wien, 22. Bezirk, Donaustadt",1220,1249,3,59,Wien,Wien,1.0,1,Wohnung,2025-05-03T15:13:00Z,1249.0,Podhagskygasse 12
1180481050,1 Monat Mietzinsfrei: Erstbezug im Grünen Nahe der U2 - zwischen Badeteich Hirschstetten & Seestadt,"Wien, 22. Bezirk, Donaustadt",1220,1248.99,2,51,Wien,Wien,1.0,0,Wohnung,2025-05-03T15:11:00Z,1248.99,Podhagskygasse 12
1816673994,Erstbezug ab Juli! Gut aufgeteilte 3-Zimmer-Balkonwohnung im 13. Bezirk zu vermieten!,"Wien, 13. Bezirk, Hietzing",1130,1790,3,72,Wien,Wien,1.0,3,Wohnung,2025-05-03T15:04:00Z,1790.0,Versorgungsheimstraße
2015126438,Nähe Rochusmarkt / U3! Gut geschnittene 4-Zimmer-Wohnung mit Terrassen und Allgemeingarten - Sofortbezug möglich!,"Wien, 03. Bezirk, Landstraße",1030,1860,4,86,Wien,Wien,1.0,5,Wohnung,2025-05-03T15:04:00Z,1860.0,Rochusgasse 9
1135230912,1 Monat Mietzinsfrei: Erstbezug im Grünen Nahe der U2 - zwischen Badeteich Hirschstetten & Seestadt,"Wien, 22. Bezirk, Donaustadt",1220,1099,2,49,Wien,Wien,1.0,0,Wohnung,2025-05-03T15:02:00Z,1099.0,Podhagskygasse 12
1834134869,"Hetzendorf, Stilaltbau im 1. Stock mit großem Eigengarten","Wien, 12. Bezirk, Meidling",1120,1537.4,3,90,Wien,Wien,1.0,1.St,Wohnung,2025-05-03T14:36:00Z,1537.4,Hetzendorferstraße
1640880913,Nähe U2 / U6 II 2-Zimmer mit separater Küche II beim Augarten,"Wien, 20. Bezirk, Brigittenau",1200,652.46,2,52,Wien,Wien,1.0,N/A,Wohnung,2025-05-03T14:34:00Z,652.46,N/A
1211184243,Traumhaft renovierte 145qm Altbauwohnung mit Klimaanlagen und Balkon nahe Schloss Schönbrunn/ Zentrum Hietzing,"Wien, 14. Bezirk, Penzing",1140,2950,4,145,Wien,Wien,1.0,2,Wohnung,2025-05-03T14:24:00Z,2950.0,Penzinger Str. 39
1408520352,Exklusiver Erstbezug 2025: Traumhaftes 4-Stock-Apartment mit Garten & Panoramaterrassen | Town-House-Charakter | klimatisiert,"Wien, 16. Bezirk, Ottakring",1160,2650.13,5,123,Wien,Wien,1.0,N/A,Wohnung,2025-05-03T14:24:00Z,2650.13,N/A
1029402230,"3 Zimmer, 2 Bäder, Terrasse & Bulthaup-Küche inkl. Auto-Abstellplatz // 3 Rooms, 2 Baths, terrace & Bulthaup-kitchen incl. Car-Parking //","Wien, 22. Bezirk, Donaustadt",1220,2358.97,3,108,Wien,Wien,1.0,2,Wohnung,2025-05-03T13:37:00Z,2358.97,N/A
1147756598,Möblierte Wohnung inkl. Einbauküche nahe der Meidlinger Hauptstraße - ab sofort beziehbar - JETZT ANFRAGEN,"Wien, 12. Bezirk, Meidling",1120,1138.48,3,81,Wien,Wien,1.0,2,Wohnung,2025-05-03T13:35:00Z,1138.48,Wilhelmstraße 33
1458576822,"Danubeview! THE modern residential complex. 2 rooms, terrace at the 8th floor.","Wien, 22. Bezirk, Donaustadt",1220,1700,2,58,Wien,Wien,1.0,8,Wohnung,2025-05-03T13:28:00Z,1700.0,Wagramer Straße 2A
1239760307,"++Der Platzhirsch++ Großartiger 2,5 Zimmer Erstbezug mit Terrasse","Wien, 22. Bezirk, Donaustadt",1220,1499,2,64,Wien,Wien,1.0,1,Wohnung,2025-05-03T13:25:00Z,1499.0,N/A
1139705950,++Der Platzhirsch++ Großartiger 2 Zimmer Erstbezug mit Dachterrasse,"Wien, 22. Bezirk, Donaustadt",1220,999,2,47,Wien,Wien,1.0,0,Wohnung,2025-05-03T13:25:00Z,999.0,N/A
804999290,DANUBE FLATS - Exklusives Wohnen im höchsten Wohnturm Wiens!,"Wien, 22. Bezirk, Donaustadt",1220,1090.56,1,33,Wien,Wien,0.9,6,Wohnung,2025-05-03T13:22:00Z,1090.56,N/A
1776884037,NEU! STILVOLLES RESIDIEREN IN TOP Lage - Donauinsel! Luxus Ausstattung und provisionsfrei !,"Wien, 22. Bezirk, Donaustadt",1220,1329.99,2,46,Wien,Wien,1.0,7,Wohnung,2025-05-03T13:18:00Z,1329.99,Wagramer Straße 2A
2044871970,Student: innen zur Untermiete gesucht (nur 1 Person),"Wien, 05. Bezirk, Margareten",1050,750,2,45,Wien,Wien,0.0,1,Wohnung,2025-05-03T13:18:00Z,750.0,N/A
944295311,Living with a luxurious touch by the Danube.,"Wien, 22. Bezirk, Donaustadt",1220,2270.01,3,73,Wien,Wien,1.0,6,Wohnung,2025-05-03T13:09:00Z,2270.01,Wagramer Straße 2A
1608529207,| 2-ZIMMER | VERFÜGBAR AB SEPTEMBER | INNENHOF | AN DER ALTEN DONAU | DONAUSTADTBRÜCKE | NACHVERMIETUNG,"Wien, 22. Bezirk, Donaustadt",1220,999,2,47,Wien,Wien,1.0,1,Wohnung,2025-05-03T13:05:00Z,999.0,Effenbergplatz
1740113239,"Möblierte Wohnung, toller Ausblick, Warmmiete, Parkplatz. Nahe U1 und Donauzentrum","Wien, 22. Bezirk, Donaustadt",1220,1390,2,69,Wien,Wien,N/A,13,Wohnung,2025-05-03T12:52:00Z,1390.0,Steigenteschgasse
1725854527,Luxurious 3 room flat with balcony! Danubeview,"Wien, 22. Bezirk, Donaustadt",1220,2199.99,3,73,Wien,Wien,1.0,5,Wohnung,2025-05-03T12:51:00Z,2199.99,Wagramer Straße 2A
2051682559,Wundervoller Altbau mit Raumhöhe und Struktur - 6 Zimmer in bester Lage bei Karlskirche & Belvedere | 1040 Wien,"Wien, 04. Bezirk, Wieden",1040,6291.62,6,289,Wien,Wien,1.0,5,Wohnung,2025-05-03T12:25:00Z,6291.62,Wohllebengasse
1921063662,Eleganter Altbau mit Raumhöhe und Struktur - 6 Zimmer in bester Lage bei Karlskirche & Belvedere,"Wien, 04. Bezirk, Wieden",1040,6929.55,6,289,Wien,Wien,1.0,5,Wohnung,2025-05-03T12:25:00Z,6929.55,Wohllebengasse
1936755522,ERSTBEZUG - TOLLE DG WOHNUNG - DACHTERRASSE - FERNBLICK - 3 ZIMMER - U4 FRIEDENSBRÜCKE,"Wien, 20. Bezirk, Brigittenau",1200,1855.45,3,86,Wien,Wien,1.0,N/A,Wohnung,2025-05-03T12:25:00Z,1855.45,N/A
1396673716,| NACHVERMIETUNG | BEZUGSFERTIG AB JULI | 2 ZIMMER | 2. STOCK,"Wien, 21. Bezirk, Floridsdorf",1210,846.88,2,45,Wien,Wien,1.0,2,Wohnung,2025-05-03T12:25:00Z,846.88,Leopoldauer Straße
868058652,Exklusive Hoflage!,"Wien, 16. Bezirk, Ottakring",1160,695.01,2,46,Wien,Wien,1.0,3,Wohnung,2025-05-03T12:14:00Z,695.01,N/A
1219672479,"U1 Keplerplatz - 3er Studenten WG in der Fußgeherzone, unbefristet","Wien, 10. Bezirk, Favoriten",1100,1200,3,113,Wien,Wien,1.0,2,Wohnung,2025-05-03T12:06:00Z,1200.0,N/A
1243684778,Huleschgasse - 2 Zimmer Gartenwohnung mit Terrasse,"Wien, 19. Bezirk, Döbling",1190,945,2,55,Wien,Wien,1.0,0,Wohnung,2025-05-03T12:06:00Z,945.0,N/A
857216504,Absolute Ruhelage | 2-Zimmer Terrassenwohnung mit Balkon | UNBEFRISTET,"Wien, 19. Bezirk, Döbling",1190,1799,2,93,Wien,Wien,1.0,3,Wohnung,2025-05-03T12:05:00Z,1799.0,N/A
1380688875,Dachgeschoßmaisonette Nähe Schottenring,"Wien, 01. Bezirk, Innere Stadt",1010,3375,4,136,Wien,Wien,1.0,N/A,Wohnung,2025-05-03T12:04:00Z,3375.0,N/A
851219499,SONNWEND - LIVING! ERSTBEZUG - KÜCHE - KLIMA - BESCHATTUNG - U1 NÄHE!,"Wien, 10. Bezirk, Favoriten",1100,999,2,52,Wien,Wien,1.0,2,Wohnung,2025-05-03T11:55:00Z,999.0,N/A
1791871771,Linzer Straße - Neubaugarconniere zu vermieten,"Wien, 14. Bezirk, Penzing",1140,593.23,1,37,Wien,Wien,1.0,3,Wohnung,2025-05-03T11:54:00Z,593.23,N/A
1938372369,| 2 ZIMMER | SÜDSEITIG | NACHVERMIETUNG | ABSTELLRAUM | BEZUGSFERTIG AB JULI,"Wien, 21. Bezirk, Floridsdorf",1210,864.68,2,43,Wien,Wien,1.0,1,Wohnung,2025-05-03T11:44:00Z,864.68,Leopoldauer Straße
2099221454,"1., Bezirk - Südseitiges City- Appartement !","Wien, 01. Bezirk, Innere Stadt",1010,1300,2,60,Wien,Wien,1.0,N/A,Wohnung,2025-05-03T11:34:00Z,1300.0,Seilerstätte
1712641195,Bestlage Innenstadt! Möbliertes Loft mit französischen Fenstern und optionalem TG-Stellplatz,"Wien, 01. Bezirk, Innere Stadt",1010,1991,2,59,Wien,Wien,1.0,4,Wohnung,2025-05-03T11:34:00Z,1991.0,N/A
1960659055,"WU/ Sigmund Freud Uni/ Messe: Premium voll möbliert, provisionsfrei von privat, perfekt gelegene Traumwohnung im Stuwerviertel","Wien, 02. Bezirk, Leopoldstadt",1020,1200,2,50,Wien,Wien,1.0,2,Wohnung,2025-05-03T11:26:00Z,1200.0,Schrotzbergstraße 9
1745011350,Nachmieter gesucht | 3. Bezirk | 2 Zimmer | 60 m. q.,"Wien, 03. Bezirk, Landstraße",1030,864,2,60,Wien,Wien,1.0,1,Wohnung,2025-05-03T11:26:00Z,864.0,Hohlweggasse 35
913404216,| 3 ZIMMER | GROSSE TERRASSE | AB JULI BEZUGSFERTIG | NACHVERMIETUNG | DACHGESCHOSS,"Wien, 21. Bezirk, Floridsdorf",1210,1097.49,3,55,Wien,Wien,1.0,5,Wohnung,2025-05-03T11:24:00Z,1097.49,Leopoldauer Straße
1332640777,| 1 ZIMMER | HOFSEITIG | NACHVERMIETUNG | VERFÜGBAR AB JULI,"Wien, 21. Bezirk, Floridsdorf",1210,703.31,1,35,Wien,Wien,1.0,4,Wohnung,2025-05-03T11:24:00Z,703.31,Leopoldauer Straße
834862352,"Gretls Garten - jetzt mieten, später zum Fixpreis kaufen","Wien, 22. Bezirk, Donaustadt",1220,1117.99,3,75,Wien,Wien,1.0,N/A,Wohnung,2025-05-03T11:22:00Z,1117.99,Anni-Haider-Weg 3
2064431455,"Gretls Garten - jetzt mieten, später zum Fixpreis kaufen","Wien, 22. Bezirk, Donaustadt",1220,1311.4,3,88,Wien,Wien,1.0,N/A,Wohnung,2025-05-03T11:22:00Z,1311.4,Anni-Haider-Weg 3
1845025868,"Gretls Garten - jetzt mieten, später zum Fixpreis kaufen","Wien, 22. Bezirk, Donaustadt",1220,910.77,2,60,Wien,Wien,1.0,N/A,Wohnung,2025-05-03T11:22:00Z,910.77,Anni-Haider-Weg 3
975328020,Erstbezug Galerie Wohnung mit Terrassen !,"Wien, 23. Bezirk, Liesing",1230,2399.65,4,145,Wien,Wien,1.0,N/A,Wohnung,2025-05-03T11:20:00Z,2399.65,Levasseurgasse
2057890101,"Gemütliche, ruhige 2-Zimmer-Wohnung (55 m²), frisch ausgemalt - Blick ins Grüne, unbefristet!","Wien, 09. Bezirk, Alsergrund",1090,893.39,2,55,Wien,Wien,0.0,1. Stock,Wohnung,2025-05-03T10:37:00Z,893.39,Lazarettgasse
1248019027,Altbauwohnung am Graben - alles auf einer Ebene (möbliert oder unmöbliert),"Wien, 01. Bezirk, Innere Stadt",1010,5490,4,234,Wien,Wien,1.0,3,Wohnung,2025-05-03T10:35:00Z,5490.0,N/A
1133392733,"++NEU++ Sensationeller 3 Zimmer Wohnung als Zweitbezug mit Balkon, Top 5","Wien, 09. Bezirk, Alsergrund",1090,1849,3,70,Wien,Wien,1.0,1,Wohnung,2025-05-03T10:34:00Z,1849.0,N/A
1931178515,GARTENWOHUNG AUF 3 EBENEN IN MAUER,"Wien, 23. Bezirk, Liesing",1230,1599,3,91,Wien,Wien,1.0,N/A,Wohnung,2025-05-03T10:34:00Z,1599.0,Endresstraße 94-96
873418586,WG Leben anders. Kleine Zimmer- Wohnung am Naschmarkt,"Wien, 06. Bezirk, Mariahilf",1060,700,0,25,Wien,Wien,0.0,N/A,Wohnung,2025-05-03T10:31:00Z,700.0,N/A
975009438,Provisionsfreie Neubauwohnung Sonnleithnergasse zu vermieten,"Wien, 10. Bezirk, Favoriten",1100,890.31,2,43,Wien,Wien,0.94,N/A,Wohnung,2025-05-03T10:27:00Z,890.31,Sonnleitherngasse 2
1377478839,UNBEFRISTET: 2-Zimmer-Balkon-Wohnung in der Landstr.Hauptstr. 73-Top 1.08,"Wien, 03. Bezirk, Landstraße",1030,1233.3,2,58,Wien,Wien,1.0,N/A,Wohnung,2025-05-03T10:23:00Z,1233.3,Landstraßer Hauptstraße 73
1905603824,"Frisch sanierter 2 Zi-Altbau Wohnung, Nähe U1 Reumanplatz mit direkte Anbindung in der Innen-Stadt","Wien, 10. Bezirk, Favoriten",1100,1060,2,40,Wien,Wien,1.0,6,Wohnung,2025-05-03T10:16:00Z,1060.0,Leibnizgasse 44
1953344755,Gemeindewohnung Nähe U1 in Direktvergabe mit Vormerkschein 31.5.2024,"Wien, 21. Bezirk, Floridsdorf",1210,800,3,80,Wien,Wien,1.0,3,Wohnung,2025-05-03T10:08:00Z,800.0,Adolf-Loosgasse 12
1919262499,1 Monat Mietzinsfrei: Erstbezug im Grünen Nahe der U2 - zwischen Badeteich Hirschstetten & Seestadt,"Wien, 22. Bezirk, Donaustadt",1220,899,2,46,Wien,Wien,1.0,2,Wohnung,2025-05-03T09:55:00Z,899.0,Podhagskygasse 12
1247471533,Zuhause in der Wildgartenallee: 15 nachhaltige Erstbezugs-Mietwohnungen,"Wien, 12. Bezirk, Meidling",1120,N/A,0,N/A,Wien,Wien,1.0,N/A,Wohnung,2025-05-03T09:48:00Z,N/A,Wildgartenallee 13
819573369,"Superschöne, helle, gut angelegte & gepflegte Gemeindewohnung mit Loggia/ Terrasse, freier Sicht & Blick ins Grüne in guter Lage - Wr. Wohnticket Vormerkdatum bis/ vor 28.02.2025 erforderlich!","Wien, 11. Bezirk, Simmering",1110,575.89,2,54,Wien,Wien,1.0,2,Wohnung,2025-05-03T09:48:00Z,575.89,Simmeringer Hauptstraße 190-192
1297527461,"Donaumarina, Bestlage Donau & Innenstadt, direkt an der U-Bahn, 2 Zimmer mit Fitness, Sauna, Loggia","Wien, 02. Bezirk, Leopoldstadt",1020,1920,3,71,Wien,Wien,1.0,10,Wohnung,2025-05-03T09:44:00Z,1920.0,Wehlistraße 330
1707568077,"Altbautraum direkt bei Augarten, Klimaanlage, beste Anbindung & U-Bahn U4, geräumige 2 Zimmer","Wien, 20. Bezirk, Brigittenau",1200,1410,2,56,Wien,Wien,1.0,5,Wohnung,2025-05-03T09:38:00Z,1410.0,Heinzelmanngasse 17
1453158888,1 Monat Mietzinsfrei: Erstbezug im Grünen Nahe der U2 - zwischen Badeteich Hirschstetten & Seestadt,"Wien, 22. Bezirk, Donaustadt",1220,1099,2,54,Wien,Wien,1.0,N/A,Wohnung,2025-05-03T09:34:00Z,1099.0,Pfalzgasse 29
1319455834,"PROVISIONSFREI - Exklusive Wohnung in Trienna Living - 50 m2 inkl. verglaster Loggia, PRIVAT","Wien, 03. Bezirk, Landstraße",1030,1120,2,50,Wien,Wien,1.0,5,Wohnung,2025-05-03T09:03:00Z,1120.0,Fred-Zinnemann-Platz 4
1303382626,1 Monat Mietzinsfrei: Erstbezug im Grünen Nahe der U2 - zwischen Badeteich Hirschstetten & Seestadt,"Wien, 22. Bezirk, Donaustadt",1220,899,2,46,Wien,Wien,1.0,1,Wohnung,2025-05-03T08:50:00Z,899.0,Podhagskygasse 12
1309521910,(reserviert) Erstbezug in Grün-Ruhelage- Wohnung nach Renovierung und thermischer Komplettsanierung- Provisionsfrei -,"Wien, 11. Bezirk, Simmering",1110,950,2,61,Wien,Wien,1.0,N/A,Wohnung,2025-05-03T08:47:00Z,950.0,Meidlgasse 33-37
1069285328,Ab sofort verfügbar in der Koloniestraße! Top-moderne 2 Zimmer Wohnung mit 6m² Balkon!,"Wien, 21. Bezirk, Floridsdorf",1210,850,2,50,Wien,Wien,0.71,1,Wohnung,2025-05-03T08:36:00Z,850.0,N/A
1706960698,Nähe U3 Station II RUHELAGE II günstige Singlewohnung II zwischen Stadthalle und Schmelz II 10min in die Wiener Innenstadt,"Wien, 15. Bezirk, Rudolfsheim-Fünfhaus",1150,575.14,1,43,Wien,Wien,1.0,0,Wohnung,2025-05-03T08:34:00Z,575.14,N/A
1137310939,2-Zimmer Wohnung mit Balkon im TrIIIple Living! Pool am Dach,"Wien, 03. Bezirk, Landstraße",1030,1400.99,2,57,Wien,Wien,1.0,6,Wohnung,2025-05-03T08:26:00Z,1400.99,N/A
1416707045,3-Zimmer-Wohnung Marchfeldstr. 6 - Stiege 1 Top 14,"Wien, 20. Bezirk, Brigittenau",1200,1171.71,3,64,Wien,Wien,1.0,4,Wohnung,2025-05-03T08:22:00Z,1171.71,N/A
2096489516,"Ruhe, Natur und Komfort in Mauer: Fußbodenheizung. S-Balkon. Komplettsanierung. Anpassbare Küche.","Wien, 23. Bezirk, Liesing",1230,1500,3,68,Wien,Wien,0.0,1,Wohnung,2025-05-03T08:16:00Z,1500.0,N/A
1770133314,Luxuriöse Wohnung mit großem Balkon in top Lage! Die Freizeit beginnt vor der Türe und die U1 ist auch da!,"Wien, 22. Bezirk, Donaustadt",1220,1999.98,3,73,Wien,Wien,1.0,4,Wohnung,2025-05-03T07:55:00Z,1999.98,Wagramer Straße 2A
1243452194,(reserviert) 2-Zimmer Wohnung mit Balkon und Kellerabteil im 7 Bezirk.,"Wien, 07. Bezirk, Neubau",1070,1250,2,56,Wien,Wien,1.0,5,Wohnung,2025-05-03T07:51:00Z,1250.0,Seidengasse 5/2/506
1143413305,Top-möblierte 2-Zimmer-Wohnung mit Loggia im 3. Bezirk - Sofort einziehen! Ideal für Singles,"Wien, 03. Bezirk, Landstraße",1030,1150,2,43,Wien,Wien,0.0,2,Wohnung,2025-05-03T07:42:00Z,1150.0,N/A
1906673142,1 Monat Mietzinsfrei: Erstbezug im Grünen Nahe der U2 - zwischen Badeteich Hirschstetten & Seestadt,"Wien, 22. Bezirk, Donaustadt",1220,1249,2,53,Wien,Wien,1.0,0,Wohnung,2025-05-03T07:40:00Z,1249.0,Pfalzgasse 29
955232775,"Hochwertig ausgestattete Wohnung in den Danube Flats - Pool, Concierge & weitere Annehmlichkeiten","Wien, 22. Bezirk, Donaustadt",1220,3200,3,70,Wien,Wien,1.0,18,Wohnung,2025-05-03T07:34:00Z,3200.0,Wagramer Straße
2087539609,1 Zimmer Gemeindewohnung Wien f. Vormerkscheinbesitzer,"Wien, 03. Bezirk, Landstraße",1030,466,1,43,Wien,Wien,1.0,3. Stock,Wohnung,2025-05-03T07:32:00Z,466.0,Hofmannsthalgasse 24
1929908989,Provsionsfrei!!! - sonnige 2-Zimmerwohnung Nahe U1 Vorgartenstrasse mit Loggia,"Wien, 22. Bezirk, Donaustadt",1220,1085,2,62,Wien,Wien,1.0,2,Wohnung,2025-05-03T07:19:00Z,1085.0,Fanny-mintz-gasse 3
1843971771,Erstbezug nach Renovierung | 75m² 3 Zimmer & Balkon | ruhige grüne Lage | Lift,"Wien, 13. Bezirk, Hietzing",1130,1599,3,75,Wien,Wien,1.0,1,Wohnung,2025-05-03T07:13:00Z,1599.0,N/A
1096674888,"""Flat for Rent!""","Wien, 02. Bezirk, Leopoldstadt",1020,710,1,45,Wien,Wien,1.0,3,Wohnung,2025-05-03T07:12:00Z,710.0,N/A
1163678569,Angenehme Grünlage bei der U4 Ober St. Veit,"Wien, 13. Bezirk, Hietzing",1130,989,2,63,Wien,Wien,1.0,0,Wohnung,2025-05-03T06:54:00Z,989.0,Auhofstraße 86A
880507954,Top-sanierte 2-Zimmer-Wohnung im DG!,"Wien, 16. Bezirk, Ottakring",1160,582.16,2,42,Wien,Wien,1.0,N/A,Wohnung,2025-05-03T06:51:00Z,582.16,Baldiagasse 12
1955182648,Charmante 4-Zimmer Wohnung,"Wien, 21. Bezirk, Floridsdorf",1210,1393.89,4,103,Wien,Wien,1.0,N/A,Wohnung,2025-05-03T06:51:00Z,1393.89,Brünner Straße 261
1502478562,"Peitlgasse, 2-Zimmerwohnung mit Terrasse!","Wien, 21. Bezirk, Floridsdorf",1210,920,2,55,Wien,Wien,1.0,N/A,Wohnung,2025-05-03T06:50:00Z,920.0,Peitlgasse
951309286,Geräumige 1-Zimmer-Wohnung im 1.OG.,"Wien, 21. Bezirk, Floridsdorf",1210,628.05,1,53,Wien,Wien,1.0,1,Wohnung,2025-05-03T06:48:00Z,628.05,Brünner Straße 261
1894052234,Singlewohnung in Stammersdorf,"Wien, 21. Bezirk, Floridsdorf",1210,583.11,1,47,Wien,Wien,1.0,2,Wohnung,2025-05-03T06:48:00Z,583.11,Brünner Straße 261
1994574632,"Attraktive 3-Zimmerparkwohnung am Danneberplatz - Erstbezug, unbefristet (!)","Wien, 03. Bezirk, Landstraße",1030,3035.99,3,134,Wien,Wien,1.0,3,Wohnung,2025-05-03T06:04:00Z,3035.99,Dannebergplatz 19
919875213,Ideal für 3er-WG oder Familie - 3 Loggias!,"Wien, 11. Bezirk, Simmering",1110,1399,3,107,Wien,Wien,1.0,3,Wohnung,2025-05-03T04:35:00Z,1399.0,Krötzlergasse
1236171866,"Traumhafte hochwertige 4,5-Zimmer-Altbauwohnung im 8. Bezirk","Wien, 08. Bezirk, Josefstadt",1080,2473.79,4,122,Wien,Wien,1.0,5,Wohnung,2025-05-03T04:07:00Z,2473.79,Daungasse 1
1570319413,"***Wohnen in Floridsdorf - 3-Zimmer-Wohnung mit Terrasse und Garten, sowie Garagenplatz Nähe Shopping City Nord & Klink Floridsdorf***","Wien, 21. Bezirk, Floridsdorf",1210,1349,3,65,Wien,Wien,1.0,0,Wohnung,2025-05-03T03:42:00Z,1349.0,Siemensstraße
1308228184,Gretls Garten - Miete mit Kaufoption - Erstbezug nahe Badeteich Hirschstetten,"Wien, 22. Bezirk, Donaustadt",1220,1283.78,3,83,Wien,Wien,1.0,2,Wohnung,2025-05-03T03:37:00Z,1283.78,Anni-Haider-Weg
1075846282,Gretls Garten - Miete mit Kaufoption - Erstbezug nahe Badeteich Hirschstetten,"Wien, 22. Bezirk, Donaustadt",1220,1200.89,3,75,Wien,Wien,1.0,5,Wohnung,2025-05-03T03:37:00Z,1200.89,Anni-Haider-Weg
1877948224,Gretls Garten - Miete mit Kaufoption - Erstbezug nahe Badeteich Hirschstetten,"Wien, 22. Bezirk, Donaustadt",1220,910.77,2,60,Wien,Wien,1.0,3,Wohnung,2025-05-03T03:37:00Z,910.77,Anni-Haider-Weg
1836236230,Gretls Garten - Miete mit Kaufoption - Erstbezug nahe Badeteich Hirschstetten,"Wien, 22. Bezirk, Donaustadt",1220,938.4,2,63,Wien,Wien,1.0,2,Wohnung,2025-05-03T03:37:00Z,938.4,Anni-Haider-Weg
1855001819,"Coole U3 Anbindung, nur 5 Min. zur Simmeringer Hauptstraße, Genießen Sie die Ruhe in Ihrem Garten.","Wien, 11. Bezirk, Simmering",1110,990,2,54,Wien,Wien,1.0,0,Wohnung,2025-05-03T03:35:00Z,990.0,N/A
1426858105,Prächtige Altbauwohnung,"Wien, 06. Bezirk, Mariahilf",1060,5995,6,281,Wien,Wien,1.0,2,Wohnung,2025-05-03T03:31:00Z,5995.0,N/A
835900646,Gretls Garten - Miete mit Kaufoption - Erstbezug nahe Badeteich Hirschstetten,"Wien, 22. Bezirk, Donaustadt",1220,1532.42,4,99,Wien,Wien,1.0,2,Wohnung,2025-05-03T03:24:00Z,1532.42,Anni-Haider-Weg
2137594571,Gretls Garten - Miete mit Kaufoption - Erstbezug nahe Badeteich Hirschstetten,"Wien, 22. Bezirk, Donaustadt",1220,910.77,2,60,Wien,Wien,1.0,5,Wohnung,2025-05-03T03:24:00Z,910.77,Anni-Haider-Weg
834988978,Gretls Garten - Miete mit Kaufoption - Erstbezug nahe Badeteich Hirschstetten,"Wien, 22. Bezirk, Donaustadt",1220,910.77,2,60,Wien,Wien,1.0,4,Wohnung,2025-05-03T03:24:00Z,910.77,Anni-Haider-Weg
1985577605,"Short-term apartment in walking distance to AUGARTEN, 1-6 months, fully furnished with balcony!","Wien, 20. Bezirk, Brigittenau",1200,1149.5,1,36,Wien,Wien,1.0,4,Wohnung,2025-05-03T03:15:00Z,1149.5,N/A
2047261748,"Perfekter Grundriss! 2 Zimmer Erstbezugswohnung mit Schrankraum, Abstellraum, Loggia in der Apollogasse!","Wien, 07. Bezirk, Neubau",1070,1695,2,59,Wien,Wien,1.0,1,Wohnung,2025-05-03T03:15:00Z,1695.0,Apollogasse
1312683886,"charmante, modernisierte & vollmöblierte Wohnung in Grinzinger Villa ab 1.7.25 // cosy, fully furnished apartment in an luxury Villa of 1914","Wien, 19. Bezirk, Döbling",1190,850,2,50,Wien,Wien,1.0,-1,Wohnung,2025-05-03T03:10:00Z,850.0,N/A
1366481382,Moderne Wohnung mit Parkblick nahe S-Bahn Atzgersdorf mit Abstellraum und großem Balkon! Ab Juli 2025! FLAIR in the City!,"Wien, 23. Bezirk, Liesing",1230,826.56,2,45,Wien,Wien,1.0,4,Wohnung,2025-05-03T03:08:00Z,826.56,Scherbangasse 3
869165165,Hochwertige Wohnung mit Parkblick nahe S-Bahn im FLAIR in the City! Ab August 2025,"Wien, 23. Bezirk, Liesing",1230,1089.11,2,60,Wien,Wien,1.0,2,Wohnung,2025-05-03T03:08:00Z,1089.11,Scherbangasse 3
1479237657,GUT GESCHNITTENE 2 ZIMMER WOHNUNG - BARRIEREFREI,"Wien, 10. Bezirk, Favoriten",1100,899.8,2,49,Wien,Wien,1.0,4,Wohnung,2025-05-03T03:03:00Z,899.8,Ettenreichgasse 40
1109888699,"CHARMANTER ALTBAU TRIFFT MODERNE ELEGANZ ? ZENTRAL, GERÄUMIG, STILVOLL!","Wien, 03. Bezirk, Landstraße",1030,2550,4,135,Wien,Wien,0.0,2,Wohnung,2025-05-03T02:25:00Z,2550.0,N/A
690124279,traumhaftes Penthouse mit Dachgarten I nahe dem Parlament - befristet,"Wien, 01. Bezirk, Innere Stadt",1010,7114.3,4,213,Wien,Wien,1.0,N/A,Wohnung,2025-05-03T01:33:00Z,7114.3,"Parlament, Rathausplatz, Volksgarten"
1798887480,Naschmarkt | 4 Zimmer | Badewanne,"Wien, 06. Bezirk, Mariahilf",1060,1634.41,4,100,Wien,Wien,1.0,2,Wohnung,2025-05-03T00:38:00Z,1634.41,N/A
995985039,Kompakte 2-Zimmer Wohnung in toller Lage - nahe U3 Kendlerstraße (ab 01.06),"Wien, 14. Bezirk, Penzing",1140,849,2,40,Wien,Wien,1.0,4,Wohnung,2025-05-03T00:38:00Z,849.0,N/A
2111438448,Leo am Teich - Wohnen am Badeteich Hirschstetten,"Wien, 22. Bezirk, Donaustadt",1220,1488.2,3,74,Wien,Wien,1.0,N/A,Wohnung,2025-05-03T00:38:00Z,1488.2,N/A
849675447,3 Zimmer Gemeinde Wohnung ( Ablöse reduziert ) !!!,"Wien, 21. Bezirk, Floridsdorf",1210,629,3,60,Wien,Wien,1.0,3,Wohnung,2025-05-02T23:01:00Z,629.0,Schöpfleuthnergasse 4
1169798595,Provisionsfreie 60m² helle Neubauwohnung mit Loggia,"Wien, 11. Bezirk, Simmering",1110,1150,2,60,Wien,Wien,1.0,2,Wohnung,2025-05-02T22:53:00Z,1150.0,Rosa-Jochmann-Ring
1362806563,Provisionsfrei! 2-Zimmer-Wohnung + Garage in Top Lage,"Wien, 16. Bezirk, Ottakring",1160,899,2,45,Wien,Wien,N/A,3,Wohnung,2025-05-02T22:40:00Z,899.0,Pfenninggeldgasse
950247415,Leo am Teich - Wohnen am Badeteich Hirschstetten,"Wien, 22. Bezirk, Donaustadt",1220,857.32,0,N/A,Wien,Wien,1.0,N/A,N/A,2025-04-30T21:41:00Z,N/A,N/A
621864742,| NIEDRIGENERGIEHAUS | IN AUSGEZEICHNETER LAGE | NAHE SEESTADT,"Wien, 22. Bezirk, Donaustadt",1220,871.77,0,N/A,Wien,Wien,1.0,N/A,N/A,2025-04-30T12:25:00Z,N/A,Rosthorngasse
725524970,| DANUBE HORIZON | NEUBAUPROJEKT | AN DER ALTEN DONAU | DONAUSTADTBRÜCKE | ERSTBEZUG |,"Wien, 22. Bezirk, Donaustadt",1220,998,0,N/A,Wien,Wien,1.0,N/A,N/A,2025-04-30T12:05:00Z,N/A,Effenbergplatz
1289531621,SONNWEND - LIVING! ERSTBEZUG - KÜCHE - KLIMA - BESCHATTUNG - U1 NÄHE!,"Wien, 10. Bezirk, Favoriten",1100,999,0,N/A,Wien,Wien,1.0,N/A,N/A,2025-04-30T10:45:00Z,N/A,N/A
542428006,| LEO 131 | NEUBAUPROJEKT | IN AUSGEZEICHNETER LAGE | NAHE THERESA-TAUSCHER-PARK,"Wien, 21. Bezirk, Floridsdorf",1210,703.31,0,N/A,Wien,Wien,1.0,N/A,N/A,2025-04-30T03:59:00Z,N/A,Leopoldauer Straße
1270659006,KAY - WOHNEN IN DONAUNÄHE - HERVORRAGENDE INFRASTRUKTUR. - WOHNTRAUM,"Wien, 20. Bezirk, Brigittenau",1200,975,0,N/A,Wien,Wien,1.0,N/A,N/A,2025-04-29T02:58:00Z,N/A,Engerthstraße 61-63
921057250,POHL26 - WOHNEN IN BESTLAGE NAHE SCHLOSSPARK SCHÖNBRUNN! - JETZT ZUSCHLAGEN,"Wien, 12. Bezirk, Meidling",1120,675,0,N/A,Wien,Wien,1.0,N/A,N/A,2025-04-29T02:57:00Z,N/A,Pohlgasse 26
1852622719,Engerth 102- 5 Minuten zu U6 und S-Bahn HANDELSKAI! Hochwertige Einbauküchen und tolle Fensterfronten mit moderner Architektur - JETZT ANFRAGEN,"Wien, 20. Bezirk, Brigittenau",1200,775,0,N/A,Wien,Wien,1.0,N/A,N/A,2025-04-29T02:57:00Z,N/A,Engerthstraße 102
1956221661,PROVISIONSFREIER MIETKAUF IN GRETL'S GARTEN!,"Wien, 22. Bezirk, Donaustadt",1220,1532.42,4,99,Wien,Wien,1.0,N/A,Wohnung,2025-05-04T21:41:00Z,1532.42,Anni-Haider-Weg 3
2039325083,"Wohnen in der Rosensteingasse - urban, komfortabel, naturnah","Wien, 17. Bezirk, Hernals",1170,890,2,50,Wien,Wien,1.0,1,Wohnung,2025-05-04T21:40:00Z,890.0,Rosensteingasse 67
1379903038,SELBER GARTELN : Nähe Selbsterntegarten Ketzergasse!,"Wien, 23. Bezirk, Liesing",1230,1185.51,3,66,Wien,Wien,1.0,3,Wohnung,2025-05-04T21:40:00Z,1185.51,N/A
1838644884,++Der Platzhirsch++ Fantastischer 3 Zimmer Erstbezug mit Balkon!,"Wien, 22. Bezirk, Donaustadt",1220,1999,3,92,Wien,Wien,1.0,N/A,Wohnung,2025-05-04T21:40:00Z,1999.0,N/A
1017541084,++Der Platzhirsch++ Fantastischer 3 Zimmer Erstbezug mit Terrasse und Garten!,"Wien, 22. Bezirk, Donaustadt",1220,1899,3,76,Wien,Wien,1.0,0,Wohnung,2025-05-04T21:40:00Z,1899.0,N/A
1944008086,PROVISIONSFREIER MIETKAUF IN GRETL'S GARTEN!,"Wien, 22. Bezirk, Donaustadt",1220,924.58,2,63,Wien,Wien,1.0,0,Wohnung,2025-05-04T21:38:00Z,924.58,Anni-Haider-Weg 3
1392075085,PROVISIONSFREIER MIETKAUF IN GRETL'S GARTEN!,"Wien, 22. Bezirk, Donaustadt",1220,1366.67,3,83,Wien,Wien,1.0,0,Wohnung,2025-05-04T21:38:00Z,1366.67,Anni-Haider-Weg 3
1467654004,++Der Platzhirsch++ Fantastischer 2 Zimmer Erstbezug mit Balkon!,"Wien, 22. Bezirk, Donaustadt",1220,998.99,2,47,Wien,Wien,1.0,1,Wohnung,2025-05-04T21:37:00Z,998.99,N/A
2048589040,"++Der Platzhirsch++ Fantastische 2,5 Zimmer Erstbezug mit Terrasse","Wien, 22. Bezirk, Donaustadt",1220,1599,2,68,Wien,Wien,1.0,1,Wohnung,2025-05-04T21:37:00Z,1599.0,N/A
904520148,PROVISIONSFREIER MIETKAUF IN GRETL'S GARTEN!,"Wien, 22. Bezirk, Donaustadt",1220,1117.99,3,75,Wien,Wien,1.0,N/A,Wohnung,2025-05-04T21:36:00Z,1117.99,Anni-Haider-Weg 3
1887564535,PROVISIONSFREIER MIETKAUF IN GRETL'S GARTEN!,"Wien, 22. Bezirk, Donaustadt",1220,1256.13,3,85,Wien,Wien,1.0,N/A,Wohnung,2025-05-04T21:36:00Z,1256.13,Anni-Haider-Weg 3
1376543450,Altbauwohnung mit Flair,"Wien, 07. Bezirk, Neubau",1070,1097.09,3,75,Wien,Wien,1.0,3,Wohnung,2025-05-04T21:35:00Z,1097.09,Kandlgasse 35
1358535983,Serviced Apartment mit Balkon in Oberlaa! All inclusive!,"Wien, 10. Bezirk, Favoriten",1100,1035,1,34,Wien,Wien,1.0,4,Wohnung,2025-05-04T21:33:00Z,1035.0,Kurbadstraße 8
1793867341,Serviced Apartment mit Balkon in Oberlaa! All inclusive!,"Wien, 10. Bezirk, Favoriten",1100,1033,1,34,Wien,Wien,1.0,5,Wohnung,2025-05-04T21:33:00Z,1033.0,Kurbadstraße 8
1857639352,PROVISIONSFREIER MIETKAUF IN GRETL'S GARTEN!,"Wien, 22. Bezirk, Donaustadt",1220,883.15,2,58,Wien,Wien,1.0,N/A,Wohnung,2025-05-04T21:33:00Z,883.15,Anni-Haider-Weg 3
970198698,Voll-möblierte Premium-Wohnung in Stadlau nahe U2 und S-Bahn! Luftwärmepumpe und top Ausstattung!,"Wien, 22. Bezirk, Donaustadt",1220,1499,2,39,Wien,Wien,1.0,2,Wohnung,2025-05-04T21:32:00Z,1499.0,Langobardenstraße 3
1175325336,Fully furnished! Premium living in Stadlau near U2 and S-Bahn! Air water heat-pump and top-notch equipment!,"Wien, 22. Bezirk, Donaustadt",1220,1499,2,39,Wien,Wien,1.0,2,Wohnung,2025-05-04T21:32:00Z,1499.0,Langobardenstraße 3
1713160888,"Gumpendorferstraße! helles, modernes Singleappartment Nähe Raimundtheater!","Wien, 06. Bezirk, Mariahilf",1060,594.2,1,37,Wien,Wien,1.0,3,Wohnung,2025-05-04T21:32:00Z,594.2,N/A
1971616306,Kagraner Laberl - Wohnen zum fairen Preis! - Neubaugebiet nähe U1 Kagraner Platz,"Wien, 22. Bezirk, Donaustadt",1220,849,2,42,Wien,Wien,1.0,3,Wohnung,2025-05-04T21:32:00Z,849.0,Am langen Felde 59
1879743790,ERSTBEZUG - TRAUMHAFTE 2-ZIMMER WHG IMIT 2 BALKONEN,"Wien, 22. Bezirk, Donaustadt",1220,1499.58,2,56,Wien,Wien,1.0,7,Wohnung,2025-05-04T20:56:00Z,1499.58,Wagramer Straße 2
1995162692,Serviced Apartment - Wohnen mit Balkon in den grünen Kurpark - ALL INCLUSIVE,"Wien, 10. Bezirk, Favoriten",1100,1058,1,35,Wien,Wien,1.0,N/A,Wohnung,2025-05-04T20:39:00Z,1058.0,Kurbadstraße 8
915519048,"Serviced Apartment - Wohnen mit Balkon in den grünen Kurpark - inkl. Heizung, WW, Internet und Fitnessraum.","Wien, 10. Bezirk, Favoriten",1100,992.62,1,35,Wien,Wien,1.0,N/A,Wohnung,2025-05-04T20:37:00Z,992.62,Kurbadstraße 8
1863558808,Services Apartment - Leben im TABA Tower ohne Sorgen über Heizungs- und Warm Wasser!,"Wien, 10. Bezirk, Favoriten",1100,758.3,1,32,Wien,Wien,1.0,5,Wohnung,2025-05-04T20:37:00Z,758.3,Kurbadstraße 8
1778616319,Urbanes Leben - Charmante 1 Zimmer Wohnung im 4. Bezirk,"Wien, 04. Bezirk, Wieden",1040,850.85,1,38,Wien,Wien,1.0,0,Wohnung,2025-05-04T20:36:00Z,850.85,Rienößlgasse
1810502260,"1070 Wien: Schöne 3-Zimmer Wohnung ca. 99m² in der Kaiserstraße zu vermieten; EUR 1.491,-","Wien, 07. Bezirk, Neubau",1070,1491.12,3,100,Wien,Wien,1.0,1,Wohnung,2025-05-04T20:34:00Z,1491.12,N/A
1980845793,"Heizung, Strom, Internet+TV & Fitness inklusive! Serviced Apartment im TABA Tower!","Wien, 10. Bezirk, Favoriten",1100,1017,1,32,Wien,Wien,1.0,5,Wohnung,2025-05-04T20:34:00Z,1017.0,Kurbadstraße 8
875705005,Voll ausgestattetes Apartment auf Zeit - All-in-Miete für 4 Monate,"Wien, 09. Bezirk, Alsergrund",1090,1000.01,0,42,Wien,Wien,1.0,N/A,Wohnung,2025-05-04T20:34:00Z,1000.01,Liechtensteinstraße
2146908286,3 Zimmer Wohnung im 10. Bezirk,"Wien, 10. Bezirk, Favoriten",1100,909,3,69,Wien,Wien,N/A,4,Wohnung,2025-05-04T20:25:00Z,909.0,Holbeingasse
2031744734,Gemütliche 2-Zimmer-Wohnung - Ideal für Singles oder Paare,"Wien, 19. Bezirk, Döbling",1190,1700,2,55,Wien,Wien,1.0,N/A,Wohnung,2025-05-04T20:10:00Z,1700.0,Gatterburggasse 12
1383886780,Wohnung zum Wohlfühlen,"Wien, 23. Bezirk, Liesing",1230,920,2,53,Wien,Wien,1.0,3,Wohnung,2025-05-04T20:09:00Z,920.0,Traviatagasse 21-29
939968964,(reserviert) Gemütliche 3-Zimmerwohnung mit guter Anbindung im 16.,"Wien, 16. Bezirk, Ottakring",1160,1075.29,3,75,Wien,Wien,0.95,1,Wohnung,2025-05-04T19:49:00Z,1075.29,Herbststraße
2070855284,"Nachmieter gesucht! NUR für Pflegepersonal, STUDENTEN (Universität studieren - Vet Universität) ab 01.06.25 frei","Wien, 21. Bezirk, Floridsdorf",1210,716,2,57,Wien,Wien,0.0,2,Wohnung,2025-05-04T19:48:00Z,716.0,Fahrbachgasse
1011105619,Gemeindewohnung Direktvergabe- Vormerkschein bis 31.03.2025,"Wien, 16. Bezirk, Ottakring",1160,286.12,1,25,Wien,Wien,1.0,3,Wohnung,2025-05-04T19:44:00Z,286.12,Lorenz- Mandl-Gasse 1-5/36/11
1291142636,Außergewöhnliche Terrassenwohnung Nähe AKH!,"Wien, 09. Bezirk, Alsergrund",1090,2990,0,137,Wien,Wien,1.0,4,Wohnung,2025-05-04T19:37:00Z,2990.0,Severingasse
1441940371,ERSTBEZUG - Möblierte helle GARTENWOHNUNG mit 3 Schlafzimmer,"Wien, 19. Bezirk, Döbling",1190,4499,4,92,Wien,Wien,1.0,0,Wohnung,2025-05-04T19:37:00Z,4499.0,N/A
1765467835,Sonneth 13 I sonniges 2 Zimmer Apartment mit Loggia & Garagenplatz,"Wien, 13. Bezirk, Hietzing",1130,875,0,48,Wien,Wien,1.0,N/A,Wohnung,2025-05-04T19:37:00Z,875.0,N/A
1342400882,++NEU++ Tolle 1-Zimmer-Wohnung in absoluter Bestlage!,"Wien, 09. Bezirk, Alsergrund",1090,918.34,1,40,Wien,Wien,1.0,2,Wohnung,2025-05-04T19:35:00Z,918.34,N/A
1971028473,Schöne Neubauwohnung mit Loggia und Balkon,"Wien, 21. Bezirk, Floridsdorf",1210,850,2,48,Wien,Wien,0.0,1,Wohnung,2025-05-04T19:33:00Z,850.0,Maximilian Reich Weg
1762322702,"Townhouse with Air Conditioning, Garden, and Terrace - An Exclusive Residential Project!","Wien, 03. Bezirk, Landstraße",1030,3190,4,99,Wien,Wien,1.0,0,Wohnung,2025-05-04T19:32:00Z,3190.0,Charasgasse
1902346523,Traumhafte vollausgestattete 3-Zimmer Wohnung im dritten Liftstock zu vermieten.,"Wien, 19. Bezirk, Döbling",1190,1650,3,89,Wien,Wien,0.0,N/A,Wohnung,2025-05-04T19:22:00Z,1650.0,N/A
1253038477,APPARTEMENT MIT BALKON,"Wien, 22. Bezirk, Donaustadt",1220,680,2,36,Wien,Wien,N/A,N/A,Wohnung,2025-05-04T19:11:00Z,680.0,Lavendelweg
1436913650,Very central fully furnished loft in Vienna (2 District),"Wien, 02. Bezirk, Leopoldstadt",1020,1500,1,40,Wien,Wien,N/A,3,Wohnung,2025-05-04T19:05:00Z,1500.0,Glockengasse
1849157630,Erstbezug! Traumhafte 3-Zimmer-Wohnung mit Garten und Terrasse! AKTION - 1. Monat Mietzinsfrei - JETZT ANFRAGEN,"Wien, 12. Bezirk, Meidling",1120,1725.31,3,77,Wien,Wien,1.0,0,Wohnung,2025-05-04T18:56:00Z,1725.31,Breitenfurter Straße 85
1952990917,Moderne 2-Zimmer-Wohnung mit Balkon in Ruhelage! - ab 01.06.2025. - WOHNTRAUM,"Wien, 23. Bezirk, Liesing",1230,909.09,2,48,Wien,Wien,1.0,1,Wohnung,2025-05-04T18:56:00Z,909.09,Scherbangasse 3
1962827004,"Schöne, geräumige 3er-WG | Top öffentliche Anbindung","Wien, 12. Bezirk, Meidling",1120,1400,3,110,Wien,Wien,1.0,4,Wohnung,2025-05-04T18:56:00Z,1400.0,N/A
1996460111,Klimatisierte Dachgeschossmaisonette mit U6 in Gehweite - Private Dachterrasse on top! Ab Juni 2025 - JETZT ANFRAGEN,"Wien, 20. Bezirk, Brigittenau",1200,1398.35,3,68,Wien,Wien,1.0,7,Wohnung,2025-05-04T18:55:00Z,1398.35,Engerthstraße 102
1602095348,Moderne Neubauwohnung in direkter Nahe zur U6 und S-Bahn Handelskai sowie Millennium City! Ab Juni 2025. - WOHNTRAUM,"Wien, 20. Bezirk, Brigittenau",1200,775.44,2,37,Wien,Wien,1.0,1,Wohnung,2025-05-04T18:55:00Z,775.44,Engerthstraße 102
1283432408,Moderne Neubauwohnung in direkter Nahe zur U6 und S-Bahn Handelskai sowie Millennium City! Ab Mai 2025. - WOHNTRAUM,"Wien, 20. Bezirk, Brigittenau",1200,839.24,2,42,Wien,Wien,1.0,1,Wohnung,2025-05-04T18:55:00Z,839.24,Engerthstraße 102
1874882456,Sonnige und teilsanierte Wohnung für Singles und Pärchen,"Wien, 12. Bezirk, Meidling",1120,798.87,2,71,Wien,Wien,0.95,1,Wohnung,2025-05-04T18:46:00Z,798.87,Arndtstraße
637203338,Provisionsfrei: 2-Zimmer Wohnung mit 22 m2 Terrasse,"Wien, 22. Bezirk, Donaustadt",1220,807.06,2,45,Wien,Wien,0.0,2,Wohnung,2025-05-04T18:42:00Z,807.06,N/A
1708246252,"3 Zimmer, exklusives Wohnen direkt am Park - Top Ausstattung, provisionsfrei","Wien, 21. Bezirk, Floridsdorf",1210,1205,3,70,Wien,Wien,1.0,3,Wohnung,2025-05-04T18:42:00Z,1205.0,Gerstlgasse 18
1418072776,3-Zimmerwohnung in grüner Wohngegend privat zu vermieten,"Wien, 19. Bezirk, Döbling",1190,1451.02,3,73,Wien,Wien,1.0,3,Wohnung,2025-05-04T18:35:00Z,1451.02,Weinberggasse
858731974,Modernes Wohnen nahe Stadlauer Straße - Großzügiger Balkon,"Wien, 22. Bezirk, Donaustadt",1220,899,2,46,Wien,Wien,1.0,1,Wohnung,2025-05-04T18:34:00Z,899.0,Miriam-Makeba-Gasse 5
1392267029,PROVISIONFREI! 6. STOCK! HELLE 2. ZIMMER! RUHIG! NÄHE HAUPTBAHNHOF! SONNWENDVIERTEL! MIO TOWER! WEITBLICK.,"Wien, 10. Bezirk, Favoriten",1100,989,2,50,Wien,Wien,1.0,6,Wohnung,2025-05-04T18:32:00Z,989.0,Sissy Löwinger weg 5
1546900286,PROVISIONSFREIER MIETKAUF IN GRETL'S GARTEN!,"Wien, 22. Bezirk, Donaustadt",1220,1256.13,3,83,Wien,Wien,1.0,N/A,Wohnung,2025-05-04T18:25:00Z,1256.13,Anni-Haider-Weg 3
1720658074,+++ ERSTBEZUG +++ Fußläufig zum Hauptbahnhof und U Keplerplatz! Garage inkludiert.,"Wien, 10. Bezirk, Favoriten",1100,1217.54,2,56,Wien,Wien,1.0,N/A,Wohnung,2025-05-04T18:15:00Z,1217.54,Humboldtgasse
1459441411,Wohnen in Simmering U3 / EKZ Nähe,"Wien, 11. Bezirk, Simmering",1110,806.77,2,53,Wien,Wien,1.0,4,Wohnung,2025-05-04T18:05:00Z,806.77,Braunhubergasse
2129742899,All IN TARIF! PROVISIONSFREI! Koffer packen und einziehen! Kurzzeitmiete Sampogasse,"Wien, 14. Bezirk, Penzing",1140,1190,2,43,Wien,Wien,1.0,EG,Wohnung,2025-05-04T18:05:00Z,1190.0,Sampogasse 9
1210064530,Wunderschöne 3 Zimmer Wohnung mit Südwestbalkon in den Innenhof gerichtet - Wohnzimmer klimatisiert,"Wien, 18. Bezirk, Währing",1180,1625.43,3,104,Wien,Wien,1.0,N/A,Wohnung,2025-05-04T18:04:00Z,1625.43,N/A
1588560154,"++Ruhelage++ Porzellangasse, im Servitenviertel, Tolle 1-Zimmer Neubauwohnung!","Wien, 09. Bezirk, Alsergrund",1090,894.34,1,40,Wien,Wien,1.0,1,Wohnung,2025-05-04T17:54:00Z,894.34,Porzellangasse
1116422008,"Erstklassige Innestadtlage, Provisionsfrei, hohe Räume, teilmöbliert, mit freien Blick über den Donaukanal","Wien, 01. Bezirk, Innere Stadt",1010,2400,4,127,Wien,Wien,1.0,N/A,Wohnung,2025-05-04T17:52:00Z,2400.0,Seitenstettengasse
1276529037,2 Zimmer Wohnung mit Balkon ++ unbefristet ++ provisionsfrei!,"Wien, 14. Bezirk, Penzing",1140,976.02,2,63,Wien,Wien,1.0,N/A,Wohnung,2025-05-04T17:49:00Z,976.02,N/A
1852478807,Praktische Zwei-Zimmer Wohnung in guter Lage im 19. Bezirk,"Wien, 19. Bezirk, Döbling",1190,1285,2,56,Wien,Wien,1.0,2,Wohnung,2025-05-04T17:44:00Z,1285.0,N/A
1764152793,"NEU: Stilvolle Altbauwohnung mit 4 Zimmern & Balkon in Toplage - 1030 Wien, Esteplatz","Wien, 03. Bezirk, Landstraße",1030,4624.05,4,190,Wien,Wien,1.0,3,Wohnung,2025-05-04T17:38:00Z,4624.05,Esteplatz
481435960,PRIVAT - 3 ZIMMER WOHNUNG IM NEUBAU  Nähe U3 Enkplatz,"Wien, 11. Bezirk, Simmering",1110,895,3,53,Wien,Wien,1.0,6,Wohnung,2025-05-04T17:31:00Z,895.0,Mautner Markhofgasse 38
1350921829,"Möblierte, helle 2-Zimmerwohnung in Wien 23 mit Balkon!!!","Wien, 23. Bezirk, Liesing",1230,810,2,45,Wien,Wien,0.0,3,Wohnung,2025-05-04T17:19:00Z,810.0,N/A
1324613230,2 Zimmer-Wohnung mit Gartenterrasse + Garage in Neustift am Walde,"Wien, 19. Bezirk, Döbling",1190,1500,2,60,Wien,Wien,1.0,Erdgeschoß,Wohnung,2025-05-04T17:06:00Z,1500.0,Neustift am Walde
1964990970,Balkonwohnung - Direktvergabe Wr Wohnen!,"Wien, 18. Bezirk, Währing",1180,348.25,1,35,Wien,Wien,1.0,1,Wohnung,2025-05-04T16:51:00Z,348.25,Erndtgasse 34-36
1765725281,Perfekte Single- oder Paarwohnung,"Wien, 06. Bezirk, Mariahilf",1060,1288,2,51,Wien,Wien,0.0,3,Wohnung,2025-05-04T16:45:00Z,1288.0,N/A
771189267,"Sommer am Teich - im Leo am Teich - jetzt mieten, später kaufen und 2 Monate MIETFREI wohnen! *)","Wien, 22. Bezirk, Donaustadt",1220,1248.73,3,74,Wien,Wien,1.0,6,Wohnung,2025-05-04T16:35:00Z,1248.73,Ziegelhofstraße 72
1611560572,Perfekt aufgeteilte 3 - Zimmer Neubauwohnung im 19. Bezirk,"Wien, 19. Bezirk, Döbling",1190,1250,3,77,Wien,Wien,1.0,2,Wohnung,2025-05-04T16:26:00Z,1250.0,Rodlergasse 15
1179717525,Großzügige Terrassenwohnung mit Dachgarten beim Stadtpark,"Wien, 03. Bezirk, Landstraße",1030,4053.4,4,150,Wien,Wien,1.0,N/A,Wohnung,2025-05-04T16:24:00Z,4053.4,Salesianergasse
1313076134,Großzügige 4-Zimmer Altbau-Wohnung Nähe Sigmund Freud Park,"Wien, 09. Bezirk, Alsergrund",1090,2314.82,4,109,Wien,Wien,1.0,3,Wohnung,2025-05-04T16:24:00Z,2314.82,N/A
906424169,"Exklusive 4-Zimmer-Altbauwohnung mit Blick auf das Hotel Imperial - Kärntner Ring, 1010 Wien","Wien, 01. Bezirk, Innere Stadt",1010,4453.48,4,162,Wien,Wien,1.0,5,Wohnung,2025-05-04T16:24:00Z,4453.48,Kärntner Ring
1223924773,Exklusive 3-Zimmerwohnung mit Loggia in den begehrten GOLDEGG GARDENS!,"Wien, 04. Bezirk, Wieden",1040,1999,3,76,Wien,Wien,1.0,4,Wohnung,2025-05-04T16:14:00Z,1999.0,Goldeggasse
1335268423,Neu und luxuriös. Stylishes DG-Apartment direkt am Wasser - Riesen-Terrasse für Genießer!,"Wien, 22. Bezirk, Donaustadt",1220,1700,2,58,Wien,Wien,1.0,8,Wohnung,2025-05-04T16:05:00Z,1700.0,N/A
1342832514,Danubeview! Elevate your lifestyle! Free of commission,"Wien, 22. Bezirk, Donaustadt",1220,1620.01,2,51,Wien,Wien,1.0,6,Wohnung,2025-05-04T16:04:00Z,1620.01,Wagramer Straße 2A
1602663142,Neu und einzigartig! 3-Zimmer-Wohntraum mit 30m² Balkon,"Wien, 22. Bezirk, Donaustadt",1220,1980,3,73,Wien,Wien,1.0,3,Wohnung,2025-05-04T15:58:00Z,1980.0,N/A
2077570201,U1 Donauinsel - am Wassert! 3 Zimmer Wohntraum mit ca. 27m² Freifläche - Provisionsfrei,"Wien, 22. Bezirk, Donaustadt",1220,2000,3,73,Wien,Wien,1.0,4,Wohnung,2025-05-04T15:51:00Z,2000.0,N/A
1833480262,ALL-INCLUSIVE MIETE: Möbliertes Apartment in TOP-Lage - 1180 Wien,"Wien, 18. Bezirk, Währing",1180,1200,2,60,Wien,Wien,1.0,N/A,Wohnung,2025-05-04T15:42:00Z,1200.0,Gentzgasse 48
1367442631,++Der Platzhirsch++ Außergewöhnlicher 2 Zimmer Erstbezug mit riesengroßer Terrasse!,"Wien, 22. Bezirk, Donaustadt",1220,1049,2,44,Wien,Wien,1.0,3,Wohnung,2025-05-04T15:35:00Z,1049.0,N/A
1824809559,++Der Platzhirsch++ Großartiger 2 Zimmer Erstbezug mit Dachterrasse,"Wien, 22. Bezirk, Donaustadt",1220,849,2,41,Wien,Wien,1.0,0,Wohnung,2025-05-04T15:35:00Z,849.0,N/A
1893522203,PROVISIONSFREIER MIETKAUF IN GRETL'S GARTEN!,"Wien, 22. Bezirk, Donaustadt",1220,896.96,2,54,Wien,Wien,1.0,N/A,Wohnung,2025-05-04T15:27:00Z,896.96,Anni-Haider-Weg 3
1531694659,PROVISIONSFREIER MIETKAUF IN GRETL'S GARTEN!,"Wien, 22. Bezirk, Donaustadt",1220,952.21,2,65,Wien,Wien,1.0,0,Wohnung,2025-05-04T15:27:00Z,952.21,Anni-Haider-Weg 3
2033519578,PROVISIONSFREIER MIETKAUF IN GRETL'S GARTEN!,"Wien, 22. Bezirk, Donaustadt",1220,1173.25,3,75,Wien,Wien,1.0,N/A,Wohnung,2025-05-04T15:27:00Z,1173.25,Anni-Haider-Weg 3
1976770413,PROVISIONSFREIER MIETKAUF IN GRETL'S GARTEN!,"Wien, 22. Bezirk, Donaustadt",1220,1283.78,3,83,Wien,Wien,1.0,1,Wohnung,2025-05-04T15:27:00Z,1283.78,Anni-Haider-Weg 3
992282176,PROVISIONSFREIER MIETKAUF IN GRETL'S GARTEN!,"Wien, 22. Bezirk, Donaustadt",1220,1200.89,3,82,Wien,Wien,1.0,1,Wohnung,2025-05-04T15:27:00Z,1200.89,Anni-Haider-Weg 3
959231671,PROVISIONSFREIER MIETKAUF IN GRETL'S GARTEN!,"Wien, 22. Bezirk, Donaustadt",1220,1035.1,2,62,Wien,Wien,1.0,0,Wohnung,2025-05-04T15:27:00Z,1035.1,Anni-Haider-Weg 3
1250881894,PROVISIONSFREIER MIETKAUF IN GRETL'S GARTEN!,"Wien, 22. Bezirk, Donaustadt",1220,1021.29,2,61,Wien,Wien,1.0,0,Wohnung,2025-05-04T15:27:00Z,1021.29,Anni-Haider-Weg 3
1187714504,PROVISIONSFREIER MIETKAUF IN GRETL'S GARTEN!,"Wien, 22. Bezirk, Donaustadt",1220,979.85,2,63,Wien,Wien,1.0,0,Wohnung,2025-05-04T15:27:00Z,979.85,Anni-Haider-Weg 3
1058091319,PROVISIONSFREIER MIETKAUF IN GRETL'S GARTEN!,"Wien, 22. Bezirk, Donaustadt",1220,952.21,2,54,Wien,Wien,1.0,0,Wohnung,2025-05-04T15:27:00Z,952.21,Anni-Haider-Weg 3
1933075630,3-Zimmer-Wohnung mit Loggia (Studenten WG),"Wien, 14. Bezirk, Penzing",1140,1050,3,84,Wien,Wien,1.0,2,Wohnung,2025-05-04T15:27:00Z,1050.0,Ameisgasse 63/3/8
1789443695,*ERSTBEZUG* HOCH MODERNE WOHNUNG mit LOGGIA in ZENTRALER LAGE,"Wien, 10. Bezirk, Favoriten",1100,998,2,57,Wien,Wien,1.0,1,Wohnung,2025-05-04T15:24:00Z,998.0,N/A
1095862930,"NEU! WOW! 39. Stock! Nur jetzt! Your New Home (Pool, Fitness and Wellness included)","Wien, 22. Bezirk, Donaustadt",1220,1550,2,39,Wien,Wien,1.0,39,Wohnung,2025-05-04T15:23:00Z,1550.0,N/A
1249523901,Gemeindewohnung zur Direktvergabe 21. Bezirk: 28 m² + Balkon + Keller,"Wien, 21. Bezirk, Floridsdorf",1210,275,1,28,Wien,Wien,1.0,1,Wohnung,2025-05-04T15:23:00Z,275.0,Ohmgasse
1667620119,Wasserblick! NEU! Familientraum an der Donau - U1 vor der Türe!,"Wien, 22. Bezirk, Donaustadt",1220,3599,4,120,Wien,Wien,1.0,21,Wohnung,2025-05-04T15:19:00Z,3599.0,N/A
1038212525,"2 Zimmer Wohnung mit extra Küche, Loggia und Autoabstellplatz - WG geeignet","Wien, 21. Bezirk, Floridsdorf",1210,1044.3,2,63,Wien,Wien,0.0,2 (Lift),Wohnung,2025-05-04T15:09:00Z,1044.3,N/A
1948905059,"(reserviert) Tolle Wohnung 75m2 inkl Balkon, heute mieten morgen einziehen","Wien, 06. Bezirk, Mariahilf",1060,1350,3,75,Wien,Wien,N/A,N/A,Wohnung,2025-05-04T15:00:00Z,1350.0,Ecke Liniengasse / Stumpergasse
1876203084,Helle Neubauwohnungen mit Top-Ausstattung im Erstbezug in Grünlage nähe Auhofcenter! Direktbesichtigungen am Dienstag den 06.05.25 von 08:30 Uhr bis 11:00 Uhr Hauptstraße 174 vor Ort!,"Wien, 14. Bezirk, Penzing",1140,899,1,46,Wien,Wien,1.0,1,Wohnung,2025-05-04T14:57:00Z,899.0,N/A
1671312274,Helle Neubauwohnungen mit Top-Ausstattung im Erstbezug in Grünlage nähe Auhofcenter! Direktbesichtigungen am Dienstag den 06.05.25 von 08:30 Uhr bis 11:00 Uhr Hauptstraße 174 vor Ort!,"Wien, 14. Bezirk, Penzing",1140,1069,2,54,Wien,Wien,1.0,2,Wohnung,2025-05-04T14:57:00Z,1069.0,N/A
1298291291,Helle Neubauwohnungen mit Top-Ausstattung im Erstbezug in Grünlage nähe Auhofcenter! Direktbesichtigungen am Dienstag den 06.05.25 von 08:30 Uhr bis 11:00 Uhr Hauptstraße 174 vor Ort!,"Wien, 14. Bezirk, Penzing",1140,999,2,42,Wien,Wien,1.0,0,Wohnung,2025-05-04T14:57:00Z,999.0,N/A
1719013662,Helle Neubauwohnungen mit Top-Ausstattung im Erstbezug in Grünlage nähe Auhofcenter! Direktbesichtigungen am Dienstag den 06.05.25 von 08:30 Uhr bis 11:00 Uhr Hauptstraße 174 vor Ort!,"Wien, 14. Bezirk, Penzing",1140,1299,3,75,Wien,Wien,1.0,1,Wohnung,2025-05-04T14:57:00Z,1299.0,N/A
1762225821,Helle Neubauwohnungen mit Top-Ausstattung im Erstbezug in Grünlage nähe Auhofcenter! Direktbesichtigungen am Dienstag den 06.05.25 von 08:30 Uhr bis 11:00 Uhr Hauptstraße 174 vor Ort!,"Wien, 14. Bezirk, Penzing",1140,1049,2,54,Wien,Wien,1.0,1,Wohnung,2025-05-04T14:57:00Z,1049.0,N/A
1912873382,Gepflegte 2-Zimmer-Wohnung in 1200 Wien - mit exzellenter Verkehrsanbindung,"Wien, 20. Bezirk, Brigittenau",1200,970,2,57,Wien,Wien,1.0,N/A,Wohnung,2025-05-04T14:45:00Z,970.0,Raffaelgasse 22
800354340,2-Zimmer Neubauwohnung im 21. Bezirk - Erstbezug,"Wien, 21. Bezirk, Floridsdorf",1210,999.99,2,47,Wien,Wien,1.0,2,Wohnung,2025-05-04T14:35:00Z,999.99,N/A
1584960104,sonnendurchflutete Wohnung (privat),"Wien, 12. Bezirk, Meidling",1120,1200,2,80,Wien,Wien,0.92,2,Wohnung,2025-05-04T14:20:00Z,1200.0,Erlgasse
809003850,"HELLE 2,5-Zimmer-Wohnung in U1 Nähe!","Wien, 10. Bezirk, Favoriten",1100,950,2,60,Wien,Wien,1.0,3,Wohnung,2025-05-04T14:20:00Z,950.0,Leebgasse 51
2117214939,neu renovierte und helle Wohnung 11. Bezirk,"Wien, 11. Bezirk, Simmering",1110,940,2,58,Wien,Wien,1.0,3,Wohnung,2025-05-04T14:13:00Z,940.0,Trinkhausstraße 10
1268609000,DELTA Immobilien bietet kuschelige GARCONNIERE mit LOGGIA nahe Donauzentrum und U1,"Wien, 22. Bezirk, Donaustadt",1220,764.93,1,45,Wien,Wien,1.0,3,Wohnung,2025-05-04T14:04:00Z,764.93,Tokiostraße
862369876,"2 ZI-WOHNUNG IN WIEN - 10. BEZIRK - FAVORITEN, MÖBLIERT, AUF ZEIT","Wien, 10. Bezirk, Favoriten",1100,1625,2,57,Wien,Wien,0.9,3,Wohnung,2025-05-04T13:58:00Z,1625.0,N/A
1953714450,"47 m2 Wohnung + 5,4 m2 West-Balkon + TG-Parkplatz PROVISIONSFREI","Wien, 12. Bezirk, Meidling",1120,950,2,47,Wien,Wien,1.0,2,Wohnung,2025-05-04T13:49:00Z,950.0,Koflergasse
1685464656,Erstbezug nach Sanierung - Moderne 2-Zimmer-Wohnung mit getrennter Küche in Top-Lage. - WOHNTRAUM,"Wien, 15. Bezirk, Rudolfsheim-Fünfhaus",1150,1048.7,2,57,Wien,Wien,1.0,2,Wohnung,2025-05-04T13:35:00Z,1048.7,Gebrüder-Lang-Gasse 1
2074944772,Stadthaus mit Freifläche! - Hofruhelage - Zentrale Anbindung - U3 Nähe. - WOHNTRAUM,"Wien, 03. Bezirk, Landstraße",1030,2499.04,4,113,Wien,Wien,1.0,0,Wohnung,2025-05-04T13:35:00Z,2499.04,Steingasse 28
897249505,PENTHOUSE DER SUPERLATIVE - Elegante Dachgeschoss-Maisonette - im 6. BEZIRK Nähe HAUS DES MEERES - ZU VERMIETEN. - WOHNTRAUM,"Wien, 06. Bezirk, Mariahilf",1060,4411.83,4,253,Wien,Wien,1.0,N/A,Wohnung,2025-05-04T13:35:00Z,4411.83,Gumpendorfer Straße 66
2047548947,Charmante 1-Zimmer Wohnung nahe dem Schlosspark Schönbrunn - ab 01.06.2025 verfügbar! - JETZT ZUSCHLAGEN,"Wien, 12. Bezirk, Meidling",1120,699.21,1,34,Wien,Wien,1.0,4,Wohnung,2025-05-04T13:35:00Z,699.21,Pohlgasse 26
1900992715,Charmante 2-Zimmer Wohnung nahe dem Schlosspark Schönbrunn - ab 01.08.2025 verfügbar - JETZT ANFRAGEN,"Wien, 12. Bezirk, Meidling",1120,929.72,2,46,Wien,Wien,1.0,5,Wohnung,2025-05-04T13:35:00Z,929.72,Pohlgasse 26
1429614379,Charmante 1-Zimmer Wohnung nahe dem Schlosspark Schönbrunn - ab 01.06.2025 verfügbar - JETZT ANFRAGEN,"Wien, 12. Bezirk, Meidling",1120,698.49,1,33,Wien,Wien,1.0,3,Wohnung,2025-05-04T13:35:00Z,698.49,Pohlgasse 26
1916354923,Unbefristete Neubauwohnung in Gehweite des Bahnhof Penzing - Ruhige Seitengasse der Linzer Straße! - JETZT ZUSCHLAGEN,"Wien, 14. Bezirk, Penzing",1140,898.68,2,42,Wien,Wien,1.0,3,Wohnung,2025-05-04T13:34:00Z,898.68,Lenneisgasse 3-5
1805961608,Nähe Alte Donau - sehr schöne 2 Zimmerwohnung zu vermieten,"Wien, 22. Bezirk, Donaustadt",1220,890,2,62,Wien,Wien,1.0,N/A,Wohnung,2025-05-04T13:21:00Z,890.0,Wagramerstraße 25
1848819654,SOFORTBEZUG für 3er Studenten (UNIVERSITÄT STUDIEREN) Nähe,"Wien, 20. Bezirk, Brigittenau",1200,1449,4,92,Wien,Wien,1.0,1,Wohnung,2025-05-04T13:14:00Z,1449.0,Ospelgasse
1058613176,Wohnkonzept zum Wohlfühlen in der Inneren Stadt - Rudolfsplatz,"Wien, 01. Bezirk, Innere Stadt",1010,1596.01,3,59,Wien,Wien,1.0,3,Wohnung,2025-05-04T12:57:00Z,1596.01,Rudolfsplatz
1681056027,NEUBAUMIETE MIT LOGGIA,"Wien, 19. Bezirk, Döbling",1190,1924.45,4,114,Wien,Wien,1.0,2,Wohnung,2025-05-04T12:56:00Z,1924.45,N/A
1895075354,ENTZÜCKENDE GARÇONNIERE IN BAUMGARTEN,"Wien, 14. Bezirk, Penzing",1140,683.27,1,41,Wien,Wien,1.0,3,Wohnung,2025-05-04T12:34:00Z,683.27,Linzer Strasse 256
981469582,"Exklusive, sehr helle und ruhige 2-Zimmerwohung in Top-Lage, Neubau, Erstbezug","Wien, 20. Bezirk, Brigittenau",1200,1248,2,46,Wien,Wien,1.0,1,Wohnung,2025-05-04T12:19:00Z,1248.0,Brigittagasse 15
869601323,Luxury City Center Apartment with Hotel Amenities,"Wien, 01. Bezirk, Innere Stadt",1010,6900,3,73,Wien,Wien,1.0,N/A,Wohnung,2025-05-04T12:14:00Z,6900.0,N/A
1938307908,"Stilvolle, frisch renovierte 30m²-Wohnung mit hochwertiger Ausstattung & optionalem Garagenplatz","Wien, 19. Bezirk, Döbling",1190,830,1,30,Wien,Wien,1.0,N/A,Wohnung,2025-05-04T12:04:00Z,830.0,N/A
1055697728,Sonniger Wohntraum!,"Wien, 13. Bezirk, Hietzing",1130,899,2,58,Wien,Wien,0.0,2,Wohnung,2025-05-04T11:56:00Z,899.0,Speisinger Strasse
839870478,Wohnen mit Blick aufs Wasser - Miete mit Kaufoption - Badeteich Hirschstetten,"Wien, 22. Bezirk, Donaustadt",1220,1354.42,3,80,Wien,Wien,1.0,4,Wohnung,2025-05-04T11:55:00Z,1354.42,Edith Kramer Weg
1652898836,Brunnenmarkt! Altbauwohnung mit 2 getrennt begehbaren Zimmern - Unbefristet | U6 | 2er-WG tauglich,"Wien, 16. Bezirk, Ottakring",1160,810.61,2,62,Wien,Wien,1.0,3,Wohnung,2025-05-04T11:55:00Z,810.61,N/A
1203388956,Wohnung 2 Zimmer rund 2J befristet zu vermieten,"Wien, 03. Bezirk, Landstraße",1030,1250,2,64,Wien,Wien,1.0,2.5,Wohnung,2025-05-04T11:41:00Z,1250.0,Erdbergstrasse
1014391255,Gemeindewohnung direktvergabe,"Wien, 19. Bezirk, Döbling",1190,650,3,60,Wien,Wien,1.0,3,Wohnung,2025-05-04T11:36:00Z,650.0,Billrothstrasse
1627719048,ALL-IN Preis - Modernes Wohnen in Bestlage - Erstbezug mit Balkonen und hochwertiger Ausstattung in 1080 Wien - anna8 | apartments,"Wien, 08. Bezirk, Josefstadt",1080,2399,3,76,Wien,Wien,1.0,N/A,Wohnung,2025-05-04T11:16:00Z,2399.0,Feldgasse 9
832594146,Nächst Liesinger Platz!,"Wien, 23. Bezirk, Liesing",1230,1595.06,4,105,Wien,Wien,1.0,N/A,Wohnung,2025-05-04T10:57:00Z,1595.06,N/A
1255130367,1 Monat Mietzinsfrei: Erstbezug im Grünen Nahe der U2 - zwischen Badeteich Hirschstetten & Seestadt,"Wien, 22. Bezirk, Donaustadt",1220,1199,2,52,Wien,Wien,1.0,N/A,Wohnung,2025-05-04T10:10:00Z,1199.0,Podhagskygasse 12
1795756838,1 Monat Mietzinsfrei: Erstbezug im Grünen Nahe der U2 - zwischen Badeteich Hirschstetten & Seestadt,"Wien, 22. Bezirk, Donaustadt",1220,899,2,40,Wien,Wien,1.0,N/A,Wohnung,2025-05-04T10:10:00Z,899.0,Podhagskygasse 12
1625074088,"Stilvoll wohnen in Toplage: 2-Zimmer-Wohnung inkl. Einbauküche, Klimaanlage und Terrasse in 1220 Wien!","Wien, 22. Bezirk, Donaustadt",1220,849,2,36,Wien,Wien,1.0,N/A,Wohnung,2025-05-04T10:04:00Z,849.0,Tokiostraße 5A
1280034274,2-Zimmer Gemeindewohnung mit Balkon zur Direktvergabe mit VMS,"Wien, 19. Bezirk, Döbling",1190,544.5,2,50,Wien,Wien,0.0,1,Wohnung,2025-05-04T09:59:00Z,544.5,N/A
954920177,Mietwohnung im 11 Bezirk mit super Küche,"Wien, 11. Bezirk, Simmering",1110,700,2,70,Wien,Wien,1.0,4,Wohnung,2025-05-04T09:43:00Z,700.0,Svetelskystraße 16/11/41
1447796107,Ab Juni! Zwischenmiete mit Ausblick auf den Kahlenberg// Fully Furnished flat with great view!!,"Wien, 02. Bezirk, Leopoldstadt",1020,1350,2,60,Wien,Wien,N/A,3,Wohnung,2025-05-04T09:42:00Z,1350.0,Taborstraße/ Am Tabor
550127090,Hofseitige 3 Zimmer Wohnung ++ AB JUNI ++ TOP LAGE ++ RUHELAGE ++ SÜDSEITIG ++ TOP ZUSTAND ++,"Wien, 16. Bezirk, Ottakring",1160,1084,3,69,Wien,Wien,N/A,3,Wohnung,2025-05-04T09:42:00Z,1084.0,Neulerchenfelderstrasse
1993707299,EXZELLENT RESIDIEREN IM DIPLOMATENVIERTEL,"Wien, 03. Bezirk, Landstraße",1030,2500,3,59,Wien,Wien,1.0,1,Wohnung,2025-05-04T09:24:00Z,2500.0,N/A
2120498951,U4 FRIEDENSBRÜCKE - TOLLE 4 ZIMMER WOHNUNG + TERRASSE,"Wien, 20. Bezirk, Brigittenau",1200,1787.53,4,92,Wien,Wien,1.0,N/A,Wohnung,2025-05-04T09:24:00Z,1787.53,N/A
2003367333,"2 Zimmer- Wohnung beim Rennweg, Belvedere!","Wien, 03. Bezirk, Landstraße",1030,1225,2,70,Wien,Wien,1.0,3,Wohnung,2025-05-04T09:23:00Z,1225.0,Gerlgasse 23
1373936990,Mittendrin statt nur dabei // Zentrale Altbauwohnung in Schottenfeld mit großzügiger Gemeinschaftsterrasse // nahe der Hauptbibliothek Wien,"Wien, 07. Bezirk, Neubau",1070,1229,2,76,Wien,Wien,1.0,4,Wohnung,2025-05-04T08:54:00Z,1229.0,N/A
993561267,GROSSZÜGIGE 1 ZIMMERWOHNUNG! Sandtnergasse 7/9,"Wien, 21. Bezirk, Floridsdorf",1210,761.2,1,53,Wien,Wien,1.0,1,Wohnung,2025-05-04T08:36:00Z,761.2,N/A
812781597,"2 Zimmerwhg, Meidling, ruhige Lage","Wien, 12. Bezirk, Meidling",1120,920,2,46,Wien,Wien,1.0,4,Wohnung,2025-05-04T08:17:00Z,920.0,Koflergasse 1-3
460134217,"Freundliche, sonnige und zentral gelegene 2-Zimmerwohnung, privat","Wien, 21. Bezirk, Floridsdorf",1210,800,2,64,Wien,Wien,0.97,3,Wohnung,2025-05-04T07:53:00Z,800.0,Holzmeistergasse
2050033714,Luxuriöse 4-Zimmer-Gartenwohnung nahe Lainzer Tor,"Wien, 13. Bezirk, Hietzing",1130,3700,4,126,Wien,Wien,1.0,0,Wohnung,2025-05-04T07:11:00Z,3700.0,Dirkensgasse 6
2032148409,Charmante 2-Zimmer-Wohnung mit Traumgarten im Herzen des 13. Bezirks,"Wien, 13. Bezirk, Hietzing",1130,1200,2,63,Wien,Wien,1.0,0,Wohnung,2025-05-04T07:10:00Z,1200.0,N/A
1827011813,Vollausgestattete 2 Zimmerwohnung ab 01.05.25 inkl. Garage,"Wien, 08. Bezirk, Josefstadt",1080,1100,2,44,Wien,Wien,1.0,1,Wohnung,2025-05-04T07:09:00Z,1100.0,Tigergasse 7
1693469108,"3-Zimmer Dachgeschosswohnung inkl. Einbauküche, Klimaanlage und Dachterrassen - ab sofort beziehbar - JETZT ANFRAGEN","Wien, 06. Bezirk, Mariahilf",1060,1954.06,3,94,Wien,Wien,1.0,N/A,Wohnung,2025-05-04T06:55:00Z,1954.06,N/A
1966876701,Exklusive Gartenwohnung in der malerischen Sieveringer Straße - sofort beziehbar inkl. Küche! - JETZT ZUSCHLAGEN,"Wien, 19. Bezirk, Döbling",1190,2299.29,3,120,Wien,Wien,1.0,0,Wohnung,2025-05-04T06:55:00Z,2299.29,Sieveringer Straße 126
1727542792,KAY - Traumhafte 2-Zimmer Wohnung in Donaunähe mit hervorragender Infrastruktur - ab 01.05.2025 beziehbar! - JETZT ZUSCHLAGEN,"Wien, 20. Bezirk, Brigittenau",1200,989.44,2,50,Wien,Wien,1.0,6,Wohnung,2025-05-04T06:55:00Z,989.44,Engerthstraße 61-63
1002173870,"Wien-Neubau: DG-Wohnung mit Abstellraum, Balkon, Klimaanlage, Fußbodenheizung, uvm. (Erstbezug)","Wien, 07. Bezirk, Neubau",1070,1725,2,58,Wien,Wien,1.0,3,Wohnung,2025-05-04T03:30:00Z,1725.0,Apollogasse
2034368251,"Erstbezug ab sofort - gemütliche 2 Zimmer Dachgeschosswohnung mit Balkon, klimatisiert - Apollogasse 18","Wien, 07. Bezirk, Neubau",1070,1625,2,52,Wien,Wien,1.0,3,Wohnung,2025-05-04T03:30:00Z,1625.0,Apollogasse
1004237183,ruhig trotz zentraler Lage (Mariahilfer Straße/Westbahnhof): 2 Zi. Erstbezugswohnung - ab sofort bezugsfertig!,"Wien, 07. Bezirk, Neubau",1070,1695,2,54,Wien,Wien,1.0,2,Wohnung,2025-05-04T03:30:00Z,1695.0,Apollogasse
957987047,"Erstbezug nach Sanierung: Tolle 4-Zimmer Wohnung mit großem Balkon, TG-Platz anmietbar","Wien, 14. Bezirk, Penzing",1140,1740,4,99,Wien,Wien,1.0,1,Wohnung,2025-05-04T03:30:00Z,1740.0,Waidhausenstraße
1618423767,Projekt APOLLOGASSE18 --- 63 exklusive Wohneinheiten mit Freiflächen (bezugsfertig!),"Wien, 07. Bezirk, Neubau",1070,1450,0,N/A,Wien,Wien,1.0,N/A,N/A,2025-05-04T03:28:00Z,N/A,Apollogasse
1518743472,Neuer Preis! BESTLAGE hinter der Karlskirche! Prunkvolles und prestigträchtiges Altbauhaus! WG geeignete Mietwohnung im letzten Liftstock + Beste Infrastruktur und Anbindung!,"Wien, 04. Bezirk, Wieden",1040,3249.8,4,144,Wien,Wien,1.0,6,Wohnung,2025-05-04T03:27:00Z,3249.8,Maderstraße
851991796,SCHÖNE 2 ZIMMER WOHNUNG - NÄHE FRIEDENSBRÜCKE - 3. Stock ohne Lift,"Wien, 20. Bezirk, Brigittenau",1200,1097.6,2,73,Wien,Wien,1.0,3,Wohnung,2025-05-04T03:12:00Z,1097.6,N/A
2104968850,ab Juni: 2 Zimmerwohnung mit großer Innenhof-Terrasse: zentrumsnah & dennoch ruhig!,"Wien, 04. Bezirk, Wieden",1040,980.62,2,49,Wien,Wien,1.0,0,Wohnung,2025-05-04T03:12:00Z,980.62,N/A
1046078982,READY TO LIVE- LUXURIÖS MÖBLIERTES SERVICED  ALL IN. PROVISIONSFREI,"Wien, 09. Bezirk, Alsergrund",1090,1500,1,41,Wien,Wien,1.0,N/A,Wohnung,2025-05-04T03:09:00Z,1500.0,N/A
1560846836,Attraktive 3-Zimmerwohnung im Herzen Wiens,"Wien, 01. Bezirk, Innere Stadt",1010,1926.05,3,93,Wien,Wien,1.0,1,Wohnung,2025-05-04T03:07:00Z,1926.05,N/A
2107401764,Balkon | Fußbodenheizung | Garten,"Wien, 21. Bezirk, Floridsdorf",1210,999,2,57,Wien,Wien,1.0,1,Wohnung,2025-05-04T03:04:00Z,999.0,N/A
2103730018,Auserlesenes Apartment mit Blick in palaisartigen Garten,"Wien, 04. Bezirk, Wieden",1040,3939.15,4,174,Wien,Wien,1.0,1,Wohnung,2025-05-04T03:02:00Z,3939.15,N/A
838934324,Aktion - Miete reduziert! Luxury Living! maßgefertigte Tischlerküche! elektrische Rollos! Klima-Vorb! U2!,"Wien, 22. Bezirk, Donaustadt",1220,845,2,36,Wien,Wien,1.0,0,Wohnung,2025-05-04T03:01:00Z,845.0,N/A
1136462744,Luxury Living! maßgefertigte Tischlerküche! elektrische Rollos! inkl. Klima! U2!,"Wien, 22. Bezirk, Donaustadt",1220,949,2,44,Wien,Wien,1.0,1,Wohnung,2025-05-04T03:01:00Z,949.0,N/A
1374797760,Luxury Living! maßgefertigte Tischlerküche! elektrische Rollos! inkl. Klima! Nähe U2!,"Wien, 22. Bezirk, Donaustadt",1220,849,2,36,Wien,Wien,1.0,1,Wohnung,2025-05-04T03:01:00Z,849.0,N/A
1199721243,Wohnen wie im eigenen Haus mit Garten! 3 Zimmer + verbaute Loggia + 2 Bäder + 2 WCs - in 1140 Wien - großzügige Mietetage im Schenkweg,"Wien, 14. Bezirk, Penzing",1140,1642,3,113,Wien,Wien,1.0,1,Wohnung,2025-05-04T00:38:00Z,1642.0,Schenkweg
963413934,Perfekt geschnitten & modern ausgestattet - 2-Zimmer-Wohnung nahe U1 im Neubau,"Wien, 22. Bezirk, Donaustadt",1220,935,2,40,Wien,Wien,1.0,1,Wohnung,2025-05-04T00:37:00Z,935.0,N/A
1592744477,2 Zimmer Wohnung mit Wiener Wohnticket DIREKTVERGABE,"Wien, 14. Bezirk, Penzing",1140,515,2,52,Wien,Wien,1.0,4,Wohnung,2025-05-04T00:07:00Z,515.0,Salisstraße
1921337725,2-Zimmer Wohnung in Hofruhelage mit 12m² Loggia,"Wien, 07. Bezirk, Neubau",1070,1120,2,63,Wien,Wien,1.0,4,Wohnung,2025-05-04T00:00:00Z,1120.0,Kaiserstraße
1195897642,"Möblierte, helle 2-Zimmer-Wohnung in 1230 Wien inclusive Parkplatz","Wien, 23. Bezirk, Liesing",1230,1350,2,65,Wien,Wien,1.0,3,Wohnung,2025-05-03T23:52:00Z,1350.0,Erlaaerplatz 6
886334721,TOP 2- Zimmerwohnung in 1200 Wien,"Wien, 20. Bezirk, Brigittenau",1200,710,2,48,Wien,Wien,N/A,1+ Aufzug,Wohnung,2025-05-03T22:19:00Z,710.0,Klosterneuburgstrsse
1443010533,TOP 2- Zimmerwohnung im 1040 Wien,"Wien, 04. Bezirk, Wieden",1040,710,2,52,Wien,Wien,1.0,3,Wohnung,2025-05-03T22:17:00Z,710.0,Favoritenstr
1971845370,Helle 2-Zimmerwohnung im Gemeindebau über Direktvergabe zu vergeben - ideal für Paare; Vormerkschein/ Wohnticket vor dem 31.3.2025,"Wien, 05. Bezirk, Margareten",1050,560,2,55,Wien,Wien,1.0,2,Wohnung,2025-05-03T22:15:00Z,560.0,Margaretengürtel 100-102
1984353643,Gartenwohnung | Südseite | Garage möglich,"Wien, 14. Bezirk, Penzing",1140,1371.59,3,76,Wien,Wien,1.0,N/A,Wohnung,2025-05-03T21:35:00Z,1371.59,N/A
1140780144,Perfekter Schnitt - Wohnen im 7. Stock,"Wien, 22. Bezirk, Donaustadt",1220,889,2,45,Wien,Wien,1.0,7,Wohnung,2025-05-03T21:35:00Z,889.0,Bertha-von-Suttner-Gasse 10A
1794197448,2-Zimmer Wohntraum im Arsenal!,"Wien, 03. Bezirk, Landstraße",1030,900,2,53,Wien,Wien,1.0,3,Wohnung,2025-05-03T21:33:00Z,900.0,Arsenal 12
840706931,Erstklassiges Apartment im Wiener Zentrum / First-class apartment in the centre of Vienna,"Wien, 01. Bezirk, Innere Stadt",1010,2720.44,3,131,Wien,Wien,1.0,3,Wohnung,2025-05-03T21:33:00Z,2720.44,N/A
1208951429,"Provisionsfreie Neubauwohnung mit 3 Schlafzimmer und 7,5 m² Balkonfläche! Nähe UNO-CITY, Kaisermühlen und Mühlwasser!!!","Wien, 22. Bezirk, Donaustadt",1220,2300,4,103,Wien,Wien,1.0,1,Wohnung,2025-05-03T21:32:00Z,2300.0,N/A
900526205,Bezugsfertig ab 15.6! Jetzt Beratungstermin vereinbaren! Modernes Wohnen im 22. Bezirk - Neubau-Erstbezug nahe Kagraner Platz!,"Wien, 22. Bezirk, Donaustadt",1220,1149,3,59,Wien,Wien,1.0,1,Wohnung,2025-05-03T21:32:00Z,1149.0,Schrickgasse 23
1825919831,Bezugsfertig ab 15.6! Jetzt Beratungstermin vereinbaren! Modernes Wohnen im 22. Bezirk - Neubau-Erstbezug nahe Kagraner Platz!,"Wien, 22. Bezirk, Donaustadt",1220,1149,3,59,Wien,Wien,1.0,4,Wohnung,2025-05-03T21:32:00Z,1149.0,Schrickgasse 23
1447253706,Hochwertig Wohnen im neuen Stadtviertel an der Lände,"Wien, 03. Bezirk, Landstraße",1030,1190.01,3,53,Wien,Wien,1.0,9,Wohnung,2025-05-03T21:31:00Z,1190.01,Erdberger Lände 36
1326070219,Top-Sanierte geräumige 2-Zimmerwohnung mit Loggia von Privat,"Wien, 20. Bezirk, Brigittenau",1200,1100,2,63,Wien,Wien,N/A,7,Wohnung,2025-05-03T21:07:00Z,1100.0,Leithastraße
1844619170,Bezaubernde Wohnung am Spittelberg/ Museumsquartier - komplett eingerichtet!,"Wien, 07. Bezirk, Neubau",1070,1200,3,49,Wien,Wien,0.0,N/A,Wohnung,2025-05-03T21:07:00Z,1200.0,N/A
1576770241,FRANZ JOSEPH - RUHIGER WOHNTRAUM IM TRENDIGEN SONNWENDVIERTEL!,"Wien, 10. Bezirk, Favoriten",1100,960,2,41,Wien,Wien,1.0,1,Wohnung,2025-05-03T20:34:00Z,960.0,Bloch Bauer Promenade 10
1066384089,ALL IN - KURZZEIT VERMIETUNG bis zu 6 Monate beim Augarten & U4/U6,"Wien, 20. Bezirk, Brigittenau",1200,1000,1,32,Wien,Wien,1.0,3,Wohnung,2025-05-03T20:31:00Z,1000.0,Jägerstraße
1042313074,FULLY FURNISHED SHORT TERM APARTMENT,"Wien, 20. Bezirk, Brigittenau",1200,1000,1,32,Wien,Wien,1.0,3,Wohnung,2025-05-03T20:31:00Z,1000.0,Jägerstraße
1205371656,Naturnahes Wohnen am Spindlerweg 3 & 5 - Top 1.13,"Wien, 22. Bezirk, Donaustadt",1220,1200,3,68,Wien,Wien,1.0,N/A,Wohnung,2025-05-03T20:31:00Z,1200.0,Spindlerweg 3
1576536071,"MITTERBERGGASSE | GEMÜTLICHE 40m² STUDENTENWOHNUNG IM ALTBAU | ZIMMER-KABINETT | GESAMTMIETE € 440 , --","Wien, 18. Bezirk, Währing",1180,440,2,40,Wien,Wien,N/A,2,Wohnung,2025-05-03T20:06:00Z,440.0,Mitterberggasse
1079613049,Kurzzeitmiete zwischen 1 - 6 Monate,"Wien, 21. Bezirk, Floridsdorf",1210,1180,1,44,Wien,Wien,1.0,3,Wohnung,2025-05-03T20:06:00Z,1180.0,Meistergasse 2
2040083456,Exclusive Villenetage Hietzing,"Wien, 13. Bezirk, Hietzing",1130,2650,4,142,Wien,Wien,1.0,2,Wohnung,2025-05-03T20:04:00Z,2650.0,Bossigasse 32
1319364966,Tolle 3-Zimmer Wohnung in der Seestadt! Direkt am See und Seepark! Ab Juni 2025,"Wien, 22. Bezirk, Donaustadt",1220,1459,3,79,Wien,Wien,1.0,4,Wohnung,2025-05-03T19:33:00Z,1459.0,Janis-Joplin-Promenade 14
1353123540,VOLLMÖBLIERTE DESIGNERWOHNUNG MIT WEITBLICK IN WIENER BESTLAGE,"Wien, 01. Bezirk, Innere Stadt",1010,1699,1,50,Wien,Wien,1.0,N/A,Wohnung,2025-05-03T19:31:00Z,1699.0,N/A
2075344855,Provisionsfrei: Unbefristeter 48m² Erstbezug mit 2 Zimmern und Einbauküche - 1140 Wien,"Wien, 14. Bezirk, Penzing",1140,778.49,2,48,Wien,Wien,1.0,0,Wohnung,2025-05-03T19:31:00Z,778.49,N/A
1161603343,1 Zimmerwohnung im vierten Stock ohne Aufzug. Zweiter Bezirk Nähe U1 Vorgartenstraße,"Wien, 02. Bezirk, Leopoldstadt",1020,660,0,40,Wien,Wien,N/A,N/A,Wohnung,2025-05-03T19:27:00Z,660.0,Ybbstraße
2054575908,"Moderne, helle 2-Zimmer-Neubauwohnung nahe Bahnhof Meidling - PROVISIONSFREI","Wien, 12. Bezirk, Meidling",1120,850,2,50,Wien,Wien,1.0,3,Wohnung,2025-05-03T19:08:00Z,850.0,Vivenotgasse 35
1320120522,Geräumige 2-Zimmer Wohnung mit Einbauküche in 1190 Wien - JETZT ANFRAGEN,"Wien, 19. Bezirk, Döbling",1190,1285.51,2,57,Wien,Wien,1.0,2,Wohnung,2025-05-03T18:55:00Z,1285.51,Pantzergasse 14
1143158647,Helles Wohnjuwel mit Freifläche in Hofruhelage - ab 01.05.2025! - JETZT ZUSCHLAGEN,"Wien, 23. Bezirk, Liesing",1230,1032.37,2,60,Wien,Wien,1.0,2,Wohnung,2025-05-03T18:55:00Z,1032.37,Scherbangasse 3
